,22_v,22_t,22_dwell,51_v,51_t,51_dwell,80_v,80_t,80_dwell,109_v,109_t,109_dwell,138_v,138_t,138_dwell
0,0.0,4.9246210457504604,0.0,0.0,9.096354658642632,0.0,0.0,5.318407812032407,0.0,0.0,6.8374424837671475,0.0,0.0,5.944498373669256,0.0
1,6.178615353834684,0.9863266451666902,0.0,3.3450036137477976,1.8218613961062955,0.0,5.7211369042163644,0.9756970975346752,0.0,4.45010532480955,1.369435667005022,0.0,5.118571373468114,1.0905575530268015,0.0
2,6.178615353834684,3.027791859485182,0.0,3.3450036137477976,5.592687910513361,0.0,6.770717318003634,2.7630102384405544,0.0,4.45010532480955,4.203846854350899,0.0,6.057607154311782,2.605711527887758,0.0
3,6.178615353834684,1.1828648356645801,0.0,3.3450036137477976,2.184890564874394,0.0,6.770717318003634,1.079422828023669,0.0,4.45010532480955,1.6423132267012341,0.0,8.30128182554052,0.8804022063993038,0.0
4,6.178615353834684,4.96489384442961,0.0,3.3450036137477976,9.170743257578131,0.0,6.770717318003634,9.061423744802584,40.80203827916557,4.45010532480955,6.893358043984036,0.0,8.30128182554052,7.390706635924792,42.08812370309897
5,6.178615353834684,4.752963318959334,0.0,3.3450036137477976,7.349666106900465,0.0,0.0,12.345700006774152,0.0,4.45010532480955,9.388355902316365,0.0,0.0,8.282795477969062,0.0
6,9.095206083938153,2.232855486831551,0.0,6.532440065756236,3.108835382178741,0.0,5.880258956092831,3.4536371544220144,0.0,3.2824427154876457,6.186941424008363,0.0,8.764663238053235,2.060715831103497,0.0
7,9.095206083938153,4.346851901383624,0.0,6.532440065756236,6.052181644450433,0.0,5.880258956092831,6.7234307459330065,0.0,3.2824427154876457,10.743936155383313,0.0,10.945265226474637,3.6121110856055947,0.0
8,9.095206083938153,2.5936896560334146,0.0,6.532440065756236,3.6112297551820896,0.0,5.880258956092831,4.011752223081883,0.0,4.077153113762129,5.510487477083063,0.0,10.945265226474637,2.1552828050564035,0.0
9,9.095206083938153,9.954278301039547,1.0328631052543642,6.532440065756236,13.859478669551304,38.15207065402501,5.880258956092831,15.396637193615728,18.068842676177155,4.484754353593118,9.369781002135191,0.0,10.945265226474637,4.135862031578732,0.0
10,1.1920928955078125e-07,11.285315624859894,0.0,0.0,5.661088217572849,0.0,0.0,7.193438869977249,0.0,5.177820868905623,3.792436664904718,0.0,10.945265226474637,2.0314302424436472,0.0
11,3.8416578181857934,40.96636910398905,0.0,7.658301845866593,20.550087384707403,0.0,6.02692580417923,26.11261151446296,0.0,6.25396459700697,17.897613575739445,0.0,10.396507402695276,20.709549260041893,0.0
12,3.8416578181857934,33.384831354369474,0.0,7.658301845866593,16.746936979318676,0.0,6.02692580417923,21.280019457414525,0.0,11.332600392233212,11.317181753732873,0.0,4.802159663871884,26.707379045768718,0.0
13,3.8416578181857934,13.920595618146267,0.0,7.658301845866593,9.577470325260057,0.0,6.02692580417923,8.873207789147052,0.0,11.332600392233212,4.718966798379807,0.0,4.802159663871884,11.13627382958278,0.0
14,3.8416578181857934,3.6996536331232392,0.0,3.5091908581742146,8.100330747847725,19.36408634528925,6.02692580417923,2.358217732564724,0.0,11.332600392233212,1.2541519873945348,0.0,4.802159663871884,2.9596690445748055,0.0
15,3.8416578181857934,25.97203916616126,0.0,0.0,81.92889593293111,0.0,6.02692580417923,18.809701688530094,0.0,11.332600392233212,13.39702116457383,0.0,4.802159663871884,17.517947221463494,0.0
16,5.895112432563668,33.029978787445216,0.0,3.086624998723226,63.08360707171296,0.0,7.4174010911581885,26.251167518673135,0.0,7.543519545017274,25.812279988828028,0.0,9.633537344881422,20.212247238615884,0.0
17,5.895112432563668,19.047671884705917,0.0,3.086624998723226,36.37894703288251,0.0,7.4174010911581885,15.138478553192282,0.0,7.543519545017274,14.885381640336977,0.0,9.633537344881422,11.655964296290941,0.0
18,5.895112432563668,13.28763172638398,0.0,3.086624998723226,25.377907268273756,0.0,7.4174010911581885,10.560583420911176,0.0,7.543519545017274,10.384023335801439,0.0,9.633537344881422,8.13118589623299,0.0
19,5.895112432563668,12.967495483559082,32.43841761725707,3.086624998723226,12.38324122236481,0.0,7.4174010911581885,10.306149288154844,33.1164241669685,7.543519545017274,10.13384314684205,4.26120170672948,9.633537344881422,7.935282867301047,10.756303826361545
20,0.0,27.811636619436076,0.0,3.086624998723226,19.04651302877597,0.0,8.429369824369815e-08,13.153639339654054,0.0,0.0,20.70111645342958,0.0,0.0,28.917220391855004,0.0
21,6.390646711536215,11.408468221960074,0.0,6.2449699150498965,12.452499049748646,0.0,13.512180044336304,5.75521356862496,0.0,8.585737126994127,9.057519556284559,0.0,6.146314953372941,11.998696355072866,0.0
22,7.2422933852206075,1.5295950283399093,0.0,6.2449699150498965,1.7878555727655523,0.0,13.512180044336304,0.8262992520629625,0.0,8.585737126994127,1.3004246576885456,0.0,6.816006890864695,1.627229915871076,0.0
23,7.356478260229713,53.96726498584441,0.0,6.2449699150498965,80.97995306056809,0.0,13.512180044336304,37.42677857503641,0.0,8.585737126994127,58.90203288374524,0.0,6.906828653734252,59.104941319372514,0.0
24,11.385155977416014,33.009212468711375,0.0,6.2449699150498965,66.69125341363782,0.0,13.512180044336304,30.822921971033725,0.0,8.585737126994127,48.50892416164022,0.0,10.205695588621914,37.054565017718325,0.0
25,13.84930676900138,6.453654172598957,0.0,6.2449699150498965,9.142872514882638,0.0,13.512180044336304,5.429713787371426,0.0,8.585737126994127,6.868314016786096,0.0,12.27384888672071,6.225928023469914,0.0
26,6.830922896576248,20.82578636147659,0.0,8.352526687282742,14.235518518437482,0.0,11.067946219772079,12.853273594849952,0.0,10.845967676452155,13.116334580701103,0.0,9.16280280093829,15.52574512257845,0.0
27,6.830922896576248,4.145073723158118,0.0,11.634007798491709,2.377773810508695,0.0,11.067946219772079,2.558259539871565,0.0,10.845967676452155,2.6106180516277746,0.0,9.16280280093829,3.0901766215701887,0.0
28,6.830922896576248,1.9066264622712101,0.0,12.182117081325762,1.0585089427221566,0.0,11.067946219772079,1.176733072038254,0.0,10.845967676452155,1.2008166301862786,0.0,9.16280280093829,1.42140114103655,0.0
29,6.830922896576248,5.80747830259126,0.0,12.426117824754234,3.1031849168807626,0.0,11.067946219772079,7.168527076937644,2.8286402225203346,10.845967676452155,3.6576207574976913,0.0,9.16280280093829,4.329508925421605,0.0
30,6.830922896576248,0.7705857958573993,0.0,13.141444258149967,0.42542000640857375,0.0,1.1920928955078125e-07,6.262133370009782,0.0,10.845967676452155,0.5204044902080279,0.0,9.16280280093829,0.6157027474611642,0.0
31,7.63140506657844,8.200417344517117,0.0,13.054936578568654,4.987362846296109,0.0,1.7796592787860726,15.63816453347206,0.0,10.569036830875207,7.2411571879417655,0.0,8.937594751926655,8.469958292580767,0.0
32,7.63140506657844,1.391644473637193,0.0,12.040773679401262,0.8820199573354043,0.0,6.22392788607044,1.706350536412781,0.0,6.715688482149972,1.5814019240497574,0.0,5.839504333867666,1.8186822168101218,0.0
33,7.63140506657844,14.291763168284062,0.0,12.040773679401262,9.058075233102922,0.0,6.22392788607044,17.523698193367487,0.0,6.715688482149972,16.240514154680604,0.0,5.839504333867666,18.67731019912516,0.0
34,2.4440611755043715,6.733685556755814,45.0,3.8562213925375914,4.267789089119285,89.0,1.993297482281851,8.25643905837077,42.0,2.150790495696186,7.651856165958935,56.0,1.8701806157688878,8.79997334891343,62.0
35,5.960464477539063e-08,12.00710508934141,0.0,5.960464477539063e-08,33.69636121584592,0.0,7.884953356906976e-08,23.00241944793935,0.0,4.214684867775986e-08,10.192495312672737,0.0,2.9802322387695312e-08,24.778065717160782,0.0
36,10.711789885151736,3.177163599368422,0.0,3.816957704403336,8.916291859332242,0.0,5.59148075875264,5.442692096065975,0.0,12.618851732229256,2.697005213260766,0.0,5.190783989813969,6.556448693293949,0.0
37,10.711789885151736,4.239287444505759,0.0,3.816957704403336,11.897002766344789,0.0,6.914502790008597,5.94595764229499,0.0,12.618851732229256,3.598612404037282,0.0,5.190783989813969,8.748265475392088,0.0
38,10.711789885151736,3.1183178522620834,0.0,3.816957704403336,8.751149008021446,0.0,8.35985976020301,3.787098092863714,0.0,12.618851732229256,2.6470527063279876,0.0,5.190783989813969,6.435013611449892,0.0
39,10.711789885151736,28.537709748583453,25.667523580501438,3.816957704403336,40.043664916383655,0.0,9.280436218130454,13.928741550791246,0.0,12.618851732229256,12.112431349419973,0.0,5.190783989813969,29.445450940564747,0.0
40,0.0,23.422500686988613,0.0,3.816957704403336,43.65520828568713,0.0,12.666266541452808,19.117950403536582,0.0,12.618851732229256,12.790883584346236,0.0,5.190783989813969,18.778507509060876,0.0
41,13.294232499904767,3.2725284644101933,0.0,3.315849172252815,13.120546806677359,0.0,3.621262366688075,12.013974648353031,0.0,11.725374982732369,3.7103934272886914,0.0,11.391160539683852,3.81925565150826,0.0
42,13.294232499904767,1.2621751024042625,0.0,3.315849172252815,5.060438034204416,0.0,3.621262366688075,4.6336463829047725,0.0,11.725374982732369,1.4310543834772274,0.0,11.391160539683852,1.4730412418030123,0.0
43,13.294232499904767,3.9646780943401416,0.0,3.315849172252815,15.895581986808947,0.0,3.621262366688075,14.554966483039495,0.0,11.725374982732369,4.495152816098236,0.0,11.391160539683852,4.627039728728118,0.0
44,13.294232499904767,6.96770711066064,90.0,3.315849172252815,27.935624785197458,58.0,3.621262366688075,25.579565615699877,24.0,11.725374982732369,7.899987715256552,72.0,11.391160539683852,8.131771824096605,74.0
45,0.0,15.647942774834927,0.0,0.0,8.669439948040997,0.0,0.0,12.197212770471278,0.0,0.0,8.004841831299348,0.0,0.0,8.585372783315123,0.0
46,0.9867739855467258,78.0929700008418,0.0,1.7810819326362706,43.26589913629123,0.0,1.2659435518672466,60.87168036619729,0.0,1.9289553976139677,39.94914104609754,0.0,1.798522119801143,42.846351680918914,0.0
47,5.911390106640924,76.16715454138959,0.0,10.669788897879688,42.19893834042356,0.0,7.583789497579488,59.37055135175731,0.0,11.555642954337763,38.96397332334885,0.0,10.774266469617933,41.78973715534318,0.0
48,5.911390106640924,17.826656451887594,0.0,10.669788897879688,9.876514108457778,0.0,7.583789497579488,13.895470149561648,0.0,11.555642954337763,9.119381846651569,0.0,10.774266469617933,9.780742000518929,0.0
49,5.911390106640924,22.379907439271935,0.0,10.669788897879688,24.79830917221753,25.56983114071045,7.583789497579488,17.444624941960303,0.0,11.555642954337763,11.448637167730269,0.0,10.774266469617933,24.55784137084612,55.97005497715145
50,5.911390106640924,8.075010153207076,0.0,1.1920928955078125e-07,26.194887264249253,0.0,7.583789497579488,6.1830987510901885,0.0,11.555642954337763,6.617508977056277,0.0,0.0,16.5272458938861,0.0
51,8.058118391266955,1.2258405195961248,0.0,4.306333472455878,2.2938232951300965,0.0,10.660124678306728,0.9266278147589928,0.0,5.490638863642962,1.7990562266125587,0.0,6.825330952306339,1.447251144998313,0.0
52,8.058118391266955,3.1432451865476083,0.0,4.306333472455878,5.881718637905631,0.0,10.660124678306728,2.3760174116466204,0.0,5.490638863642962,4.6130591494002235,0.0,6.825330952306339,3.710976364804969,0.0
53,8.058118391266955,2.835652952438249,0.0,4.306333472455878,5.306144392543258,0.0,10.660124678306728,2.1435046865626934,0.0,5.490638863642962,4.161633604897559,0.0,6.825330952306339,3.347826994319136,0.0
54,8.058118391266955,13.78520362600842,90.0,4.306333472455878,25.795216180215707,84.0,10.660124678306728,10.42040360465409,32.0,5.490638863642962,20.231307435214646,83.0,6.825330952306339,16.275079354000045,60.0
55,0.0,9.408515521794904,0.0,0.0,12.903838526145151,0.0,1.1920928955078125e-07,8.365145703152587,0.0,8.881784197001252e-16,9.566295725987759,0.0,0.0,14.93734310666521,0.0
56,8.195770951959249,45.72012427346189,0.0,5.975744198778345,62.70543951948451,0.0,9.218014838440975,40.649930924148975,0.0,8.060595284035344,46.48684783648082,0.0,5.162232511093423,72.58713466221565,0.0
57,8.195770951959249,13.925719293605711,0.0,5.975744198778345,19.099212060483584,0.0,9.218014838440975,12.381408326196086,0.0,8.060595284035344,14.159252716448842,0.0,5.162232511093423,22.109040115184122,0.0
58,8.195770951959249,29.724151661122473,0.0,5.975744198778345,40.76686194259484,0.0,9.218014838440975,26.427852745468186,0.0,8.060595284035344,30.222623785411063,0.0,5.162232511093423,47.19127591257194,0.0
59,8.195770951959249,5.8539874199476705,79.0,5.975744198778345,8.02878075995127,58.0,9.218014838440975,5.204801713814087,43.0,8.060595284035344,5.9521584149704365,60.0,5.162232511093423,9.29402916131191,88.0
60,0.0,4.775531492021309,0.0,0.0,9.494726034426712,0.0,1.1920928955078125e-07,12.549974001093647,0.0,0.0,5.3915340971810295,0.0,5.960464477539063e-08,8.351842136583814,0.0
61,2.400669296554984,17.09679939382981,0.0,1.2074568329889876,33.991907828726006,0.0,0.9135055045177329,44.92995517941141,0.0,2.126383997760708,19.302139885058487,0.0,1.3726877426957378,29.90028984561614,0.0
62,10.995264776178708,7.40941547450614,0.0,5.530252585631817,14.73142206751543,0.0,4.183931085836277,19.471755941368958,0.0,9.739015325750799,8.36516652391963,0.0,6.287023876055562,12.958195576318316,0.0
63,10.995264776178708,2.4736794247271647,0.0,5.530252585631817,4.918176850895721,0.0,4.183931085836277,6.500766788041912,0.0,9.739015325750799,2.792762855023416,0.0,6.287023876055562,4.326174161648791,0.0
64,10.995264776178708,16.568354095684207,29.97454884447143,5.530252585631817,32.941251302126545,32.94659333760501,4.183931085836277,21.770607169443885,0.0,9.739015325750799,18.70552967565935,2.413023290937417,6.287023876055562,14.488050608599503,0.0
65,0.0,27.239124004467158,0.0,0.0,23.517244418483003,0.0,4.183931085836277,39.40334973003051,0.0,0.0,26.13634239516371,0.0,6.287023876055562,27.14449983800441,0.0
66,11.313257180436963,23.814117461121505,0.0,13.103712737286303,20.560221424588125,0.0,3.6368054084899955,74.08018991993954,0.0,11.790602165105312,22.849997955163452,0.0,5.06567066874863,53.1845145451107,0.0
67,11.313257180436963,9.891275838143697,0.0,13.103712737286303,8.53975889452657,0.0,3.6368054084899955,30.76946243489663,0.0,11.790602165105312,9.490825475457157,0.0,5.06567066874863,22.090371584934683,0.0
68,11.313257180436963,18.46851385040699,0.0,13.103712737286303,15.945026506540037,0.0,3.6368054084899955,40.45837931572637,0.0,11.790602165105312,17.720812220132288,0.0,5.06567066874863,29.046351872400965,0.0
69,4.620808105593715,12.751603387973608,82.0,5.352105150984066,11.009259253349587,71.0,3.6368054084899955,16.20177798818196,22.0,4.815775791658005,12.235352045648257,61.0,5.06567066874863,11.631769545952334,79.0
70,1.1920928955078125e-07,3.412269611501209,0.0,5.960464477539063e-08,9.835295415047282,0.0,0.0,3.347780112695409,0.0,1.3328003767298924e-07,8.139209035256057,0.0,0.0,3.0113024774540214,0.0
71,2.666816093768241,11.502007224016852,0.0,0.925228470804293,23.505329328156744,0.0,2.718188057959199,11.284626862306338,0.0,1.1180318380803935,27.43547807038498,0.0,3.021913604207469,10.150435119302895,0.0
72,11.656063749086385,5.260253453818823,0.0,6.083474326816032,8.710324916411274,0.0,11.880599250775035,5.160838127762302,0.0,4.886670066460814,12.547163765952954,0.0,13.208116486616191,4.642134225284391,0.0
73,11.656063749086385,1.22187396060251,0.0,7.994955624411516,1.7398584773783858,0.0,11.880599250775035,1.1987813474309745,0.0,4.886670066460814,2.914508363452192,0.0,13.208116486616191,1.0782946071503239,0.0
74,11.656063749086385,11.585905741288753,32.85305546665768,8.376767666084694,7.352619142085369,0.0,11.880599250775035,11.366939752854462,2.252686012252525,4.886670066460814,13.817799654435763,0.0,13.208116486616191,10.22447480111888,23.344096344560967
75,0.0,5.322860735664903,0.0,9.990300354395622,2.875717168624082,0.0,0.0,7.712273823746104,0.0,4.886670066460814,3.5791867570252056,0.0,1.685873929346826e-07,6.733374745254202,0.0
76,7.753013389244704,7.510550428834715,0.0,4.360280086183703,13.354508628898165,0.0,5.35097838793405,10.882009571680365,0.0,6.643382248270713,6.9702930872488364,0.0,6.12890429819302,9.500784349418023,0.0
77,7.753013389244704,11.162966347541968,0.0,4.360280086183703,19.848868844553998,0.0,5.35097838793405,16.173981892981548,0.0,10.06449425175065,8.59920284033415,0.0,6.12890429819302,14.121060363382961,0.0
78,7.753013389244704,5.103854808741353,0.0,4.360280086183703,9.075163495647407,0.0,5.35097838793405,7.394956921926625,0.0,10.06449425175065,3.9316684653130682,0.0,6.12890429819302,6.137029277009002,0.0
79,7.753013389244704,18.060024848844805,0.0,4.360280086183703,64.22505513205999,8.90574895364989,5.35097838793405,26.167105211808895,0.0,10.06449425175065,13.912235524286814,0.0,6.766668749559494,18.160130901971012,0.0
80,7.753013389244704,6.6533799635827275,0.0,0.0,27.92618979003651,0.0,5.35097838793405,13.04145619312693,0.0,10.06449425175065,9.090189372646968,0.0,8.653882480937282,11.101528296651065,0.0
81,13.643971314475511,4.263671883152376,0.0,5.0978049773052145,11.411463782362707,0.0,5.565154534695061,10.45315390711866,0.0,5.5965952451520735,10.39442988457281,0.0,4.1697815682516755,13.951190467863766,0.0
82,13.643971314475511,11.302882441066737,0.0,5.0978049773052145,30.25149147198738,0.0,5.565154534695061,27.71103710334859,0.0,5.5965952451520735,27.55536125832753,0.0,4.1697815682516755,36.984240366687594,0.0
83,13.643971314475511,11.120415666508672,0.0,5.0978049773052145,20.465823802523502,0.0,5.565154534695061,18.747148492413352,0.0,5.5965952451520735,18.641830233395932,0.0,4.1697815682516755,25.020681955985555,0.0
84,5.119855789464241,6.679276256676551,72.0,5.0978049773052145,6.708167971025161,38.0,5.565154534695061,6.14483070648518,48.0,5.5965952451520735,6.110310038330703,73.0,4.1697815682516755,8.201132819882385,56.0
85,1.8848643623670114e-07,5.741225761045267,0.0,5.960464477539063e-08,7.675241150300667,0.0,0.0,6.571534556057442,0.0,5.960464477539063e-08,5.422591318827636,0.0,0.0,5.449211698349441,0.0
86,3.0856147160053515,12.321239645985953,0.0,2.308098335146055,9.98148081944968,0.0,2.695749619395083,8.54613466173234,0.0,3.2669272702911134,11.637418046253297,0.0,3.2509678021317088,7.086578724820823,0.0
87,3.0856147160053515,18.278683834563733,0.0,5.309728930924662,10.622194948719736,0.0,6.2015120962016805,9.09471350764334,0.0,3.2669272702911134,17.264227563937517,0.0,7.478779187885419,7.541468254671928,0.0
88,3.0856147160053515,20.554938277526738,0.0,5.309728930924662,11.944982664995129,0.0,6.2015120962016805,10.227283128991184,0.0,3.2669272702911134,19.414151215575263,0.0,7.478779187885419,8.480611399579393,0.0
89,3.0856147160053515,15.1011723881426,8.822856712122302,5.309728930924662,4.387832256219525,0.0,6.2015120962016805,7.513715750867775,45.618664570072724,3.2669272702911134,14.263065961823823,15.92634945105965,7.478779187885419,6.230482085266827,19.300494293202064
90,0.0,31.695742421986495,0.0,5.309728930924662,17.393102207164844,0.0,8.429369735551973e-08,37.74745549570698,0.0,4.214684867775986e-08,29.379694237491513,0.0,0.0,62.00116080737028,0.0
91,9.793658961677844,17.97664211787944,0.0,12.537420365435398,14.04253004581547,0.0,8.223528832865352,21.40894812395291,0.0,10.565708685413572,16.663066096238293,0.0,5.006636775439539,35.16474433342313,0.0
92,9.793658961677844,5.394305175509467,0.0,12.537420365435398,4.213784310032488,0.0,8.223528832865352,6.4242475824999,0.0,10.565708685413572,5.000136460045278,0.0,5.006636775439539,10.551990806146598,0.0
93,9.793658961677844,17.55126016748366,0.0,12.537420365435398,19.86966629617083,0.0,8.223528832865352,20.90234738900078,0.0,10.565708685413572,16.26876734405132,0.0,5.006636775439539,34.332639681640416,0.0
94,9.793658961677844,5.92489699174793,45.0,4.764436028714673,12.17907398636578,72.0,8.223528832865352,7.056146053546683,50.0,10.565708685413572,5.4919572598436535,85.0,5.006636775439539,11.589900191063093,82.0
95,0.0,12.976053783410023,0.0,1.3328003767298924e-07,7.819727789019118,0.0,0.0,14.47601599390638,0.0,0.0,14.32376254915557,0.0,0.0,4.888862990369675,0.0
96,1.7464330373652739,36.114234557147306,0.0,2.8980302884181257,21.76343449612039,0.0,1.5654727814279368,40.28884634597785,0.0,1.582112866239318,39.86510298704585,0.0,4.6353945828746435,32.54072032300534,0.0
97,6.607008787320746,21.31694516320168,0.0,10.963667756987965,12.846179502506297,0.0,5.922409964718577,23.7810696745308,0.0,5.985361812409467,23.53094907647879,0.0,4.6353945828746435,30.383873798455618,0.0
98,6.607008787320746,38.39514986509836,0.0,10.963667756987965,23.13797701389797,0.0,5.922409964718577,42.83342322811591,0.0,5.985361812409467,42.382916939666444,0.0,4.6353945828746435,54.726105407812724,0.0
99,6.607008787320746,11.852819141074757,0.0,10.963667756987965,14.285671903855453,1.0739837914297823,5.922409964718577,13.222941452234588,0.0,5.985361812409467,13.083867387471988,0.0,4.6353945828746435,33.7885708810841,8.031430779621587
100,6.607008787320746,11.649346192884861,0.0,0.0,12.378680114212287,0.0,5.922409964718577,9.414227872958806,0.0,5.985361812409467,15.831185238763664,0.0,5.960464477539063e-08,26.821521151807367,0.0
101,5.809063395190521,5.902129058631274,0.0,11.684535174623125,2.934292323638889,0.0,9.441475970672801,3.631406993428169,0.0,3.1509802256941097,10.881008261685492,0.0,5.392651699081114,6.357881758621161,0.0
102,5.809063395190521,9.4373453833427,0.0,11.684535174623125,4.6918543865750815,0.0,9.441475970672801,5.8065219658912826,0.0,3.1509802256941097,17.398439116535528,0.0,5.392651699081114,10.166081674343591,0.0
103,5.809063395190521,5.594847101116443,0.0,11.684535174623125,2.781524554555643,0.0,9.441475970672801,3.4423454127021746,0.0,3.1509802256941097,10.314511411960362,0.0,5.392651699081114,6.0268719936652575,0.0
104,5.809063395190521,24.469224238374334,18.749058641111333,11.684535174623125,12.165077404239463,25.048571216779237,9.441475970672801,15.055196377491797,4.508860038054991,3.1509802256941097,22.555405723077357,0.0,5.392651699081114,13.179348747488145,0.0
105,0.0,9.625830725585567,0.0,0.0,13.3194151440244,0.0,0.0,8.41658771531033,0.0,3.1509802256941097,5.109559715040879,0.0,5.392651699081114,7.497705040834421,0.0
106,7.003677731349811,8.190330937713334,0.0,5.061499740757906,16.15458512446194,0.0,8.009922616964102,10.208142116921787,0.0,10.0431539185992,8.141509040112396,0.0,3.5989285153125525,22.719658940604035,0.0
107,12.962897255995955,0.9072663011013073,0.0,5.061499740757906,2.323580054800651,0.0,8.009922616964102,1.4682788345664795,0.0,10.0431539185992,1.1710265460756883,0.0,3.5989285153125525,3.267861474592906,0.0
108,12.962897255995955,15.241083818254186,0.0,5.061499740757906,26.656258294540923,0.0,8.009922616964102,16.844188252411843,0.0,10.0431539185992,19.67196810955657,0.0,3.5989285153125525,37.48911484997288,0.0
109,4.741964951480487,8.79130037952519,71.0,5.061499740757906,8.236301476226368,50.0,8.009922616964102,5.204549440884115,86.0,3.673891950527713,11.347104860356565,81.0,3.5989285153125525,11.583458271058518,88.0
110,0.0,9.281795239829869,0.0,5.960464477539063e-08,8.571142777314222,0.0,0.0,14.944612976214067,0.0,9.424321767426136e-08,21.219092400487934,0.0,4.440892098500626e-16,11.371642091848535,0.0
111,9.124321832225718,0.5683560821431372,0.0,9.880839537792209,0.5248404033829334,0.0,5.666930758516239,0.9151097886600443,0.0,3.9912208944113656,1.2993176639354418,0.0,7.447480870835381,0.6762187606187707,0.0
112,9.124321832225718,10.530215733113165,0.0,9.880839537792209,9.723979115762434,0.0,5.666930758516239,16.954694067384,0.0,3.9912208944113656,24.073104409286636,0.0,7.890347982157705,8.894094662756686,0.0
113,9.124321832225718,19.426211314072514,0.0,9.880839537792209,17.938860694222683,0.0,5.666930758516239,20.49191952776633,0.0,3.9912208944113656,44.41022150856511,0.0,13.715241109225158,12.923652059692875,0.0
114,9.124321832225718,10.865137510215693,0.0,9.880839537792209,20.06651580878662,6.484521106482134,11.632669093049529,7.767344288264604,0.0,3.9912208944113656,24.838768391248507,0.0,13.715241109225158,14.456473729494116,18.568414792607655
115,9.124321832225718,0.7958154995702863,0.0,0.0,3.0912774461333137,0.0,13.893947911523851,0.514499114098499,0.0,3.9912208944113656,1.6273901235235513,0.0,0.0,4.526165899606725,0.0
116,8.343890284845394,4.618878525630952,0.0,4.496999766208353,3.848387816113398,0.0,13.125484331629247,2.4928100036052494,0.0,4.55096806913465,5.162626574038523,0.0,3.071357581867372,9.142081381537972,0.0
117,3.8142995482156827,4.652017057398368,0.0,10.095397001949284,1.757651190626786,0.0,9.402185987910759,1.8872405399277945,0.0,6.3266735973902986,2.804662874918279,0.0,3.071357581867372,5.777310549928822,0.0
118,3.8142995482156827,17.64465973751064,0.0,10.095397001949284,6.666604359611731,0.0,9.402185987910759,7.158124477833404,0.0,6.3266735973902986,10.637820432678529,0.0,3.071357581867372,13.760624609046646,0.0
119,0.9762489070064806,6.069510862563933,57.0,2.583861116403382,2.293216649355313,78.0,2.40643758523459,2.462292507772198,56.0,1.6192771716967904,3.659258265982363,81.0,3.071357581867372,1.9292294661032503,57.0
120,3.332000941824731e-08,8.651401636497871,0.0,9.424321811835057e-08,4.90832138103081,0.0,1.2644054558919038e-07,10.505240287461119,0.0,4.7121609059175285e-08,13.319675888227074,0.0,0.0,4.423139046933006,0.0
121,1.299782651864824,35.628628849863205,0.0,2.290995375849264,20.213691470946785,0.0,1.0704125192484293,27.39038226838086,0.0,0.8442353640146922,33.39095427101365,0.0,2.5422990166897153,18.215588876355522,0.0
122,6.65261152831759,5.330115714745702,0.0,11.725885267687167,3.0240095687187325,0.0,9.273835251276761,3.6128087861007683,0.0,7.641083696168317,4.3845371495983745,0.0,13.01211992835507,2.7250893356672736,0.0
123,6.65261152831759,10.358413686200594,0.0,11.725885267687167,5.876784629114216,0.0,10.355871910421303,6.113745226400873,0.0,8.533571936265824,7.418798746968305,0.0,13.01211992835507,5.295870517895858,0.0
124,6.65261152831759,9.070330772577023,0.0,11.725885267687167,5.145998420228576,0.0,12.186939329512544,4.681959343128939,0.0,10.043694991769149,5.680860357531564,0.0,13.01211992835507,4.63732177351118,0.0
125,6.65261152831759,7.996949327528552,0.0,11.725885267687167,6.266876444832738,0.0,13.58918670705989,8.795225626466888,0.0,11.20005446364578,10.656330172973727,0.0,13.01211992835507,7.11597288625018,0.0
126,12.723278839373618,1.1886047970531186,0.0,12.999033886245622,1.1633903253937685,0.0,4.0281002195995494,3.75436295977446,0.0,3.340412182099657,4.5272707193931385,0.0,8.762557395890092,1.7258603372820183,0.0
127,12.723278839373618,1.2136493848769139,0.0,12.999033886245622,1.1879036297737573,0.0,4.0281002195995494,3.83346955020855,0.0,3.340412182099657,4.6226629215910835,0.0,8.762557395890092,1.7622252088489405,0.0
128,12.723278839373618,0.4902670177652953,0.0,12.999033886245622,0.47986673681774616,0.0,4.0281002195995494,1.5485721885529746,0.0,3.340412182099657,1.8673755311403348,0.0,8.762557395890092,0.7118702555605186,0.0
129,12.723278839373618,6.873014425979808,76.0,12.999033886245622,6.727213712498061,63.0,4.0281002195995494,21.709310653018463,33.0,3.340412182099657,26.178589420007565,77.0,8.762557395890092,9.979652635404587,89.0
130,0.0,8.100894022916524,0.0,0.0,20.58666691288674,0.0,0.0,21.561341990082934,0.0,0.0,12.812439020945417,0.0,0.0,8.466575348020548,0.0
131,10.476135399944628,2.0512853579936725,0.0,4.12237993667404,5.8728947945898335,0.0,3.9360287816829524,6.15094680813355,0.0,6.623724218779808,3.6550893231292245,0.0,10.02365881790882,2.4153160149624284,0.0
132,13.128872627894294,6.503504920351467,0.0,4.12237993667404,13.984931877056173,0.0,3.9360287816829524,15.910369510976743,0.0,6.623724218779808,12.890586158779906,0.0,10.02365881790882,8.518215682044868,0.0
133,13.128872627894294,1.872482678997854,0.0,8.088432169498546,2.892661765998326,0.0,6.797057923219921,3.4585698628401778,0.0,6.623724218779808,3.711444767099585,0.0,10.02365881790882,2.4525562009930657,0.0
134,13.128872627894294,8.742470478331212,34.719577204090456,8.908775647514735,5.88975940119968,0.0,7.418983715628484,7.1209484460379135,0.0,6.623724218779808,8.66421801180308,0.0,10.02365881790882,11.450786928029364,28.968547046009917
135,0.0,3.652773292232955,0.0,10.579080060098274,0.9297413634288479,0.0,8.69948452394982,0.9847799925580815,0.0,6.623724218779808,1.7013405364296665,0.0,0.0,5.287360078581201,0.0
136,5.0886036580762575,2.348313256376671,0.0,9.413055675833576,1.924186706946635,0.0,10.17530545700483,1.4062445613640187,0.0,4.301493360521826,3.67099398972278,0.0,3.5154623972512957,3.3991646265511464,0.0
137,8.359990757876924,12.660489042847797,0.0,6.999859158574965,15.12052871217439,0.0,12.28274587652917,8.61709364114257,0.0,4.301493360521826,24.60577351107888,0.0,5.775500535208762,18.32595646787242,0.0
138,8.359990757876924,17.354992670877586,0.0,6.999859158574965,20.72721394027238,0.0,12.28274587652917,11.812308077528742,0.0,4.301493360521826,22.19577784562002,0.0,5.775500535208762,16.53103318968023,0.0
139,2.642605768108715,8.021569969421442,57.0,2.212666105039629,9.580228362371006,81.0,3.88259461542426,5.459711551576144,88.0,4.301493360521826,4.928020409151388,79.0,5.775500535208762,3.6703047538916955,49.0
140,0.0,2.942737319154259,0.0,5.1619136520741904e-08,4.226570695222593,0.0,7.300048299185846e-08,3.1171140920235203,0.0,0.0,3.172083055660673,0.0,0.0,3.2296267038762037,0.0
141,3.3414332506955096,2.6147277962755604,0.0,2.326462945296795,3.7554599430245177,0.0,3.154507601725467,2.769667885794279,0.0,3.09984327451244,2.8185097200977514,0.0,3.0446120334845723,2.869639318213391,0.0
142,6.3104167012822385,2.7713860071792604,0.0,4.393608826948544,3.9804637222449575,0.0,5.957400899780576,2.43288052205793,0.0,5.854165354573249,2.9873772751809753,0.0,5.749859172265926,2.5206955817414984,0.0
143,6.3104167012822385,2.46673054169637,0.0,4.393608826948544,3.542895651612833,0.0,8.41946667496626,1.8488222839775224,0.0,5.854165354573249,2.658978123281671,0.0,8.126152411267995,2.2465555636904795,0.0
144,6.3104167012822385,4.884096323775312,43.282183780163905,4.393608826948544,3.507445044172098,0.0,8.41946667496626,1.8303227628338121,0.0,5.854165354573249,2.632372092816436,0.0,5.731593072055722,5.377332649314086,7.542331066593761
145,0.0,32.373077472300785,0.0,4.393608826948544,12.103951649409805,0.0,8.41946667496626,6.899927032530995,0.0,5.854165354573249,13.003054175618031,0.0,8.429369735551973e-08,23.188300795709097,0.0
146,3.9650261335328976,2.5971590589460183,0.0,6.211200405482307,1.6579409565618473,0.0,10.183642835522775,1.0112102032625965,0.0,4.017369168542498,2.5633202002689526,0.0,5.535554216619557,1.8603021736731025,0.0
147,3.9650261335328976,6.1636409421609555,0.0,6.211200405482307,3.9346657357586583,0.0,10.183642835522775,2.3998286082984905,0.0,4.017369168542498,6.083333741083096,0.0,5.535554216619557,4.414914289884036,0.0
148,3.9650261335328976,34.53928936770447,0.0,6.211200405482307,22.048746785842745,0.0,10.183642835522775,13.44795641289524,0.0,4.017369168542498,34.089270672201714,0.0,5.535554216619557,24.73992298105158,0.0
149,3.9650261335328976,10.626402840510858,0.0,6.211200405482307,13.567092419328246,15.514759778699954,10.183642835522775,8.274831639047921,0.8096535739241517,4.017369168542498,20.97589900275955,66.98886218350526,5.535554216619557,15.223033979713803,50.573525779967895
150,3.9650261335328976,1.3267714501401702,0.0,0.0,5.160218467014173,0.0,0.0,5.0327058546011765,0.0,0.0,10.785986756074106,0.0,0.0,6.0521399790196995,0.0
151,4.64594555052614,30.767495284725253,0.0,2.2140131200657507,21.163722242311543,0.0,2.2701091060050285,20.64075184314128,0.0,1.0592254233893905,44.23681463759552,0.0,1.887727552234423,24.821780377386947,0.0
152,4.64594555052614,11.315711189187416,0.0,11.294395862275028,4.65471360234885,0.0,11.580559600755496,4.5396923691852,0.0,5.40345092389984,9.729370876288288,0.0,9.629907818444122,5.459260778151258,0.0
153,4.64594555052614,74.19070497358342,0.0,11.294395862275028,30.51831898452578,0.0,11.580559600755496,29.76418994812053,0.0,5.40345092389984,63.78997061634212,0.0,9.629907818444122,35.79327883100208,0.0
154,0.5767745766206138,10.515977698827317,62.0,1.402151687057886,4.325743330741783,56.0,1.4376777101916574,4.2188513117197015,71.0,0.6708156789675801,9.041751013110389,68.0,1.1955125053606483,5.07342938607182,69.0
155,1.6660004709123655e-08,5.288768461171685,0.0,1.0430812813488899e-07,6.190102195597485,0.0,6.322027279459519e-08,5.230388655937605,0.0,4.592846336581857e-08,6.100029466558165,0.0,9.541398648948984e-08,3.6385443331300156,0.0
156,3.2518500041630576,4.530089666409159,0.0,2.7783517366067505,5.302126403391634,0.0,3.2881459928220043,6.398790667816767,0.0,2.819376798867883,5.224974578242586,0.0,4.726692849892213,4.451348662049901,0.0
157,6.03721906186553,11.932079629852979,0.0,5.158146299286806,9.79304623342093,0.0,3.2881459928220043,21.907962343004556,0.0,5.234311339980584,13.762379405828964,0.0,4.726692849892213,15.240376490866867,0.0
158,6.03721906186553,19.14161560846296,0.0,9.553635279606407,12.096141755903025,0.0,3.2881459928220043,17.79819625563346,0.0,5.234311339980584,17.423236055026308,0.0,4.726692849892213,19.771583250229668,0.0
159,6.03721906186553,17.021412495226173,0.0,9.553635279606407,21.5126479017711,3.2832188829706865,9.69767852180967,9.069331014984153,0.0,8.030977181777999,11.478916710659282,0.0,6.963026194228641,13.317697597703726,0.0
160,6.03721906186553,11.522000475976313,0.0,0.0,27.96571320543004,0.0,12.963749494495927,9.49956505858908,0.0,9.873499097003803,9.559571839249838,0.0,8.469370467755043,7.044830804100984,0.0
161,7.468482222609543,5.2514080941592916,0.0,5.564410086201582,7.048374829912869,0.0,3.417284338986553,11.476963607461423,0.0,6.404708676821242,6.123627158380303,0.0,13.619548479386932,2.8796878291711163,0.0
162,7.468482222609543,18.795948437390084,0.0,5.564410086201582,25.22768893504734,0.0,3.417284338986553,41.07858546045497,0.0,6.404708676821242,21.917812947489892,0.0,13.619548479386932,10.307038223344419,0.0
163,7.468482222609543,8.484180132261747,0.0,5.564410086201582,11.38736137516922,0.0,3.417284338986553,18.542193802347,0.0,6.404708676821242,9.893338118645305,0.0,13.619548479386932,4.652426516717108,0.0
164,7.468482222609543,19.98163000058067,0.0,5.564410086201582,26.661951891730673,0.0,3.417284338986553,24.514215999853974,0.0,6.404708676821242,23.300427227576048,0.0,13.619548479386932,21.91444845865637,30.582128482405096
165,7.468482222609543,2.6884572926327137,0.0,5.630002764298261,3.03679467191192,0.0,8.757891766093634,2.107224952361172,0.0,6.404708676821242,3.250920597458383,0.0,1.6858739471103945e-07,8.061047570759388,0.0
166,7.737497776234476,1.592645816214594,0.0,7.831766053210089,1.4730386716946238,0.0,10.64232830709415,1.15793209020577,0.0,6.1703840066114,1.997135583147775,0.0,5.071378887381659,2.4299295585962315,0.0
167,7.737497776234476,8.709165018063887,0.0,8.899761364346071,6.070660745763141,0.0,10.64232830709415,6.331992682015674,0.0,6.1703840066114,10.92106178285256,0.0,5.071378887381659,13.287736226492088,0.0
168,7.737497776234476,3.637103519962387,0.0,13.301164624529036,2.4489902922943627,0.0,10.64232830709415,2.6443537152376813,0.0,6.1703840066114,4.560831281730615,0.0,5.071378887381659,5.54919697829425,0.0
169,7.737497776234476,8.195767724435964,90.0,9.681433947781642,6.550138634875273,80.0,10.64232830709415,5.958727518308701,63.0,6.1703840066114,10.27727520271192,54.0,5.071378887381659,12.504436357563977,72.0
170,0.0,10.197662353609651,0.0,0.0,10.30911327572333,0.0,0.0,7.219543197496608,0.0,0.0,8.479751703269416,0.0,0.0,20.68107229459008,0.0
171,6.501430854201441,8.64138832094748,0.0,6.431144453773055,8.7358306218706,0.0,9.183322940636428,6.117762493611099,0.0,7.818554008005231,5.440422003407589,0.0,3.2058007303532996,10.427561837681834,0.0
172,6.501430854201441,0.9611300879647667,0.0,6.431144453773055,0.971634341867325,0.0,9.183322940636428,0.6804422374328946,0.0,12.834766126997131,0.4868589537951677,0.0,7.569755344494909,0.807462058814013,0.0
173,6.501430854201441,6.792118357525333,0.0,6.431144453773055,6.866349865473182,0.0,9.183322940636428,4.808552213665582,0.0,12.834766126997131,4.092607476672439,0.0,7.907679763659903,4.938804304018703,0.0
174,6.501430854201441,11.770241107859588,8.448957121207059,6.431144453773055,11.898878846537704,3.3474797946983017,9.183322940636428,8.332866893753174,10.928217813059746,8.744868913354694,8.750663898822548,37.374264109064825,9.974578830417801,3.5687422261453445,0.0
175,0.0,32.50049823694269,0.0,0.0,13.994910748435647,0.0,1.1920928955078125e-07,49.81253306695556,0.0,0.0,21.9790585124983,0.0,11.46810429177639,10.393550418371536,0.0
176,5.275904109749354,4.669649168654216,0.0,12.252276223794743,2.1552328016998175,0.0,3.4422964607840765,7.671189252245405,0.0,7.801494869294886,3.157935966471661,0.0,5.029579879178297,5.2502412223987465,0.0
177,6.033942373051621,2.7754135496323284,0.0,12.252276223794743,1.417851203754781,0.0,3.4422964607840765,5.046603275037659,0.0,8.922408270839403,1.8769243584829374,0.0,5.029579879178297,3.45394744888346,0.0
178,6.484483643096369,1.569557928324981,0.0,12.252276223794743,0.9095995917609901,0.0,3.4422964607840765,3.014768632821507,0.0,9.588624967265806,1.0614423598650486,0.0,5.029579879178297,2.063338816390321,0.0
179,6.739274725502816,4.250150298582719,0.0,10.565956081593562,5.699267291799181,35.823138362553436,3.4422964607840765,8.74680743913935,0.0,9.965385287542063,2.8742421552565456,0.0,5.029579879178297,11.972810714763195,12.610121966237784
180,7.429214469314398,12.554542235491931,0.0,1.1920928955078125e-07,20.382850286841798,0.0,3.4422964607840765,16.019655161687275,0.0,10.98560120873787,10.755521553645933,0.0,5.960464477539063e-08,22.410452226857018,0.0
181,6.704862386290498,10.187990655226686,0.0,8.705694243758776,7.846482247533578,0.0,7.634525296763107,8.947390005383863,0.0,5.512609869015892,12.39142202317738,0.0,7.918040283674359,8.627017909589332,0.0
182,6.704862386290498,9.607184519346921,0.0,8.705694243758776,7.3991629292633805,0.0,7.634525296763107,8.437309147332604,0.0,5.512609869015892,11.68500068977688,0.0,7.918040283674359,8.135201112165836,0.0
183,6.704862386290498,3.4337625612797824,0.0,8.705694243758776,3.288471890412413,0.0,7.634525296763107,3.7498639004135326,0.0,5.512609869015892,4.1764075433633705,0.0,7.918040283674359,3.615595498567089,0.0
184,6.704862386290498,2.017899234944283,0.0,5.296496565717772,5.108938148766182,15.974094497185433,4.644803261288496,5.825752241798125,2.7281278771843063,5.512609869015892,4.908650114878688,5.133394722579396,4.81729222224431,5.617154155532934,11.594579097276437
185,6.704862386290498,10.420429295898392,0.0,0.0,9.177140611062372,0.0,5.960464477539063e-08,25.27937224270746,0.0,5.960464477539063e-08,20.9071899415571,0.0,5.960464477539063e-08,33.84379737799307,0.0
186,5.057387207123086,6.382071639496916,0.0,13.355760300886043,2.4166806484534975,0.0,4.8485258085261975,6.656994051217778,0.0,5.862465943310878,5.505636668365236,0.0,3.6215702056923442,8.912324111183251,0.0
187,5.057387207123086,3.2201445628653764,0.0,13.355760300886043,1.2193628479721899,0.0,4.8485258085261975,3.358859694772381,0.0,5.862465943310878,2.7779296416901538,0.0,3.6215702056923442,4.496811325575,0.0
188,5.057387207123086,3.187184622850221,0.0,13.355760300886043,1.2068820026122193,0.0,4.8485258085261975,3.3244799295482665,0.0,5.862465943310878,2.7494960131467954,0.0,3.6215702056923442,4.450784003305177,0.0
189,5.057387207123086,23.346127293640723,64.0,13.355760300886043,8.84041064310601,44.0,4.8485258085261975,24.351815412242892,53.0,5.862465943310878,20.14005794741802,62.0,3.6215702056923442,32.60199272822157,56.0
190,0.0,38.7718886719161,0.0,0.0,25.030424832424632,0.0,0.0,27.57972799959257,0.0,8.429369735551973e-08,15.473120431789033,0.0,0.0,24.192828351853557,0.0
191,4.082697192753135,7.2133024530433305,0.0,6.3240589042465505,4.77253371099924,0.0,5.739501166976969,5.258607574560092,0.0,10.230249317330504,2.9502491459061777,0.0,6.543008479057849,4.612829772032874,0.0
192,4.285670696251087,4.110242190416268,0.0,6.3240589042465505,2.823002489597604,0.0,5.739501166976969,3.1105201500382496,0.0,10.230249317330504,1.745102536338621,0.0,6.543008479057849,2.728535976713361,0.0
193,4.401327881437035,28.887839209466474,0.0,6.3240589042465505,21.96150616048552,0.0,5.739501166976969,24.19824555206702,0.0,10.230249317330504,13.575999399115817,0.0,6.543008479057849,17.24814481023257,0.0
194,5.214196324289738,25.806930637464383,0.0,6.3240589042465505,45.51905184098481,13.033004212295054,5.739501166976969,14.832420437930981,0.0,10.230249317330504,14.069313277643378,0.0,9.561431750651845,13.408222611967563,0.0
195,5.940371770295719,2.457563398737334,0.0,0.0,5.966405671771619,0.0,13.668333603650359,1.0117989923350383,0.0,10.230249317330504,1.3854036119124924,0.0,11.907869098433483,1.1430542369114816,0.0
196,4.984921562296245,19.506761043395812,0.0,4.500129976357194,11.16381552892165,0.0,12.86816348524607,11.930152972479773,0.0,9.150096441680676,10.627174735867959,0.0,11.581480879564308,9.511347188878203,0.0
197,4.984921562296245,14.287463625668765,0.0,12.92037889605641,5.512368179841695,0.0,3.433333060539157,20.74424014282352,0.0,9.150096441680676,7.783730581645934,0.0,8.865606542391719,8.033503986170093,0.0
198,4.984921562296245,33.768819077679815,0.0,12.92037889605641,21.532022307525068,0.0,3.433333060539157,49.02959060056127,0.0,9.150096441680676,30.404257308621666,0.0,8.865606542391719,31.379904497375872,0.0
199,4.984921562296245,3.120902027426357,49.0,2.715394831966968,5.729351432516996,85.0,3.433333060539157,4.53129694819317,59.0,1.9230182635992694,8.090121479214732,62.0,1.86322880939744,8.349726819929149,81.0
200,0.0,15.87247980472043,0.0,9.424321811835057e-08,11.564359492946982,0.0,4.214684867775986e-08,9.763324751904694,0.0,5.575503991828157e-08,13.813004657952611,0.0,2.980232260973992e-08,9.264151361481659,0.0
201,6.5046720817851,5.185232704307096,0.0,8.927885303770509,3.777853014646256,0.0,10.574807093539281,2.7906609858548084,0.0,7.47449798511987,4.512441969535766,0.0,11.144601588402487,3.026419396128468,0.0
202,6.5046720817851,22.454494703983293,0.0,8.927885303770509,16.359879169808156,0.0,13.59741488557304,10.741683330304303,0.0,7.47449798511987,19.540994606241657,0.0,11.144601588402487,13.105818422758729,0.0
203,6.5046720817851,18.892631903788445,0.0,8.927885303770509,13.764779801115383,0.0,13.59741488557304,12.441603463557504,0.0,7.47449798511987,16.441288169541778,0.0,11.144601588402487,11.026897132320975,0.0
204,6.5046720817851,4.873362247524255,0.0,8.927885303770509,7.101261335091036,52.52790406582062,6.157333874258659,10.29654173432673,36.76806303297781,7.47449798511987,8.482074225989141,55.02541365051002,11.144601588402487,5.6887853916436795,35.9741204973252
205,6.5046720817851,7.828358494191478,0.0,0.0,8.118521584827535,0.0,1.4600096598371692e-07,9.050182498708086,0.0,0.0,18.10691086855641,0.0,0.0,12.150511554301742,0.0
206,5.820074124168061,1.1476080197736895,0.0,11.884248953706173,0.5620181608943544,0.0,10.660838092774936,0.6265139459438186,0.0,5.328492107269084,1.2128603396998803,0.0,7.940614781438494,0.8411393732618049,0.0
207,5.820074124168061,43.06900311613019,0.0,11.884248953706173,21.09218609996651,0.0,10.660838092774936,23.512672119069464,0.0,5.6854120034471425,26.252554120891368,0.0,7.940614781438494,31.567428655000608,0.0
208,5.820074124168061,12.402187780682965,0.0,11.884248953706173,6.631666648219375,0.0,10.660838092774936,7.392699967823539,0.0,13.410999677915918,5.876696690643479,0.0,7.940614781438494,9.925223624958653,0.0
209,6.8893572792466635,21.219875640894852,0.0,11.884248953706173,27.86922472999648,15.726382776090759,10.660838092774936,15.533713295136101,0.0,13.410999677915918,24.696503514196873,3.854474466010288,7.940614781438494,41.71022149271849,23.805475299755926
210,8.71887768136576,0.8112709889286438,0.0,0.0,10.022376066679518,0.0,10.660838092774936,0.6647993542082729,0.0,1.685873964873963e-07,6.725661984615355,0.0,8.429369824369815e-08,6.113347508701857,0.0
211,8.6626761261514,27.09441882550739,0.0,1.4069667963689256,45.49380255385865,0.0,10.550299158304425,24.608677475729653,0.0,2.0966187781863797,30.529283768607492,0.0,2.306616761300115,27.74985021688865,0.0
212,6.78568496487043,3.9924104096090813,0.0,7.7935032033039455,3.4761311548048877,0.0,6.458512712249261,4.194656029505849,0.0,11.613639501708708,2.3327088193232295,0.0,12.776865214147739,2.120335374601791,0.0
213,6.78568496487043,36.08489640442561,0.0,7.7935032033039455,31.41857167475246,0.0,6.458512712249261,37.91286785361795,0.0,11.613639501708708,34.74368555027373,0.0,12.776865214147739,31.580566295307822,0.0
214,6.78568496487043,1.7264673828768147,0.0,7.7935032033039455,1.503208949392602,0.0,6.458512712249261,1.8139259430591734,0.0,2.4816261623848206,9.441601877973234,36.227057999210956,2.7301866037798455,8.582023799165817,3.8538768053404056
215,6.78568496487043,13.929213955586937,0.0,7.7935032033039455,11.006814428960674,0.0,6.458512712249261,8.770097232574306,0.0,1.3657139819045483e-07,29.60418514884269,0.0,1.2990531139678296e-07,26.354166728139255,0.0
216,4.042294748882749,20.207869472160475,0.0,5.909393953095628,13.823103570651456,0.0,10.739158207455116,7.60638432505034,0.0,5.094727023838864,16.03347230797696,0.0,5.723013148999906,14.273279219653187,0.0
217,4.042294748882749,19.488142632032446,0.0,5.909393953095628,13.330777614796803,0.0,10.739158207455116,7.33547407582244,0.0,5.094727023838864,15.462421491541397,0.0,5.723013148999906,13.764919733009702,0.0
218,4.042294748882749,17.26912174588095,0.0,5.909393953095628,11.812866210184415,0.0,10.739158207455116,6.500218993210432,0.0,5.094727023838864,13.701790071294564,0.0,5.723013148999906,12.197574657571803,0.0
219,4.042294748882749,23.905983358579434,51.0,5.909393953095628,16.352781988183732,83.0,10.739158207455116,8.998380425216203,65.0,5.094727023838864,18.967656273848753,81.0,5.723013148999906,16.88534142441224,58.0
220,0.0,15.193383441823897,0.0,0.0,18.59716690575885,0.0,0.0,9.574500368004433,0.0,0.0,16.749789036379205,0.0,0.0,12.570584260107374,0.0
221,5.175064246145715,20.953780242461136,0.0,4.22788781894609,25.64806910638085,0.0,8.212098010932865,13.204562197137859,0.0,4.6941925809927625,23.100279139255516,0.0,6.2548194897580345,17.336576879942857,0.0
222,5.175064246145715,4.879438476237653,0.0,4.22788781894609,5.972582216228191,0.0,8.212098010932865,3.0749033396858767,0.0,4.6941925809927625,5.379286674750113,0.0,6.2548194897580345,4.037112124657342,0.0
223,5.175064246145715,27.02026573859795,0.0,4.22788781894609,33.07363324981289,0.0,8.212098010932865,17.027513670564428,0.0,4.6941925809927625,29.788213570820666,0.0,6.2548194897580345,22.355818800868963,0.0
224,5.175064246145715,8.180170749650943,65.0,4.22788781894609,10.012779663685153,79.0,8.212098010932865,5.154944463342653,39.0,4.6941925809927625,9.018144847267724,52.0,6.2548194897580345,6.768046502893278,68.0
225,0.0,9.090574290870112,0.0,0.0,6.6523924544705295,0.0,0.0,5.4796862079916995,0.0,5.960464477539063e-08,7.016877198149488,0.0,0.0,5.123134715677498,0.0
226,2.91594882110407,10.953723035338957,0.0,3.9846791313113292,8.015826298436664,0.0,4.837439294965888,6.602769321536748,0.0,3.7776988566044567,13.548964686462092,0.0,5.174107427919982,6.173141206779573,0.0
227,6.429532754263908,12.937659109777968,0.0,8.7860338304215,9.46765111713981,0.0,10.66633068750847,7.798661549771328,0.0,3.7776988566044567,22.019516686564717,0.0,11.408668403616131,7.291219278794384,0.0
228,6.429532754263908,3.238807745988581,0.0,8.7860338304215,2.3701275102645756,0.0,10.66633068750847,1.9523134147701442,0.0,3.7776988566044567,5.512355875374006,0.0,11.408668403616131,1.825280545536479,0.0
229,6.429532754263908,20.70294870522711,12.33990073404857,8.7860338304215,15.150213324835041,24.79912394072744,10.66633068750847,12.47948232828754,9.129399604229548,3.7776988566044567,17.617906014052693,0.0,11.408668403616131,11.667469164754774,15.376334757194854
230,0.0,22.131922358850158,0.0,0.0,51.44872930848849,0.0,1.1920928955078125e-07,33.406845417721435,0.0,3.7776988566044567,18.539195360965035,0.0,0.0,22.088319669343218,0.0
231,12.268656478051595,1.5489719930442365,0.0,5.277661008720823,3.600800666314247,0.0,8.127943397289371,2.3380828763055037,0.0,10.868511366270493,1.748519611964465,0.0,12.292874998386683,1.5459203220789863,0.0
232,12.268656478051595,6.531097173747724,0.0,5.277661008720823,15.182443040028732,0.0,8.127943397289371,9.858310243179929,0.0,10.868511366270493,7.372471256565484,0.0,12.292874998386683,6.518230085313683,0.0
233,12.268656478051595,21.692351625540983,0.0,5.277661008720823,29.850808736990363,0.0,8.127943397289371,32.74333952468486,0.0,10.868511366270493,24.48688705619769,0.0,12.292874998386683,21.649614946039403,0.0
234,12.268656478051595,6.352434847085068,61.74322200172901,12.553414366136773,3.015870160925996,0.0,8.127943397289371,4.794314940977697,0.0,10.868511366270493,7.17079260550421,44.161275086218666,12.292874998386683,6.339919746057713,21.857995231170207
235,0.0,10.91551958645086,0.0,13.28849419738091,5.5828839167185516,0.0,8.127943397289371,6.059937736833944,0.0,0.0,33.51205234299487,0.0,0.0,16.91166236931414,0.0
236,10.861932818136347,15.688985251394275,0.0,7.948494103240744,21.43962133857485,0.0,11.437214789471977,14.899842918246364,0.0,3.5379402971081957,48.16720732248273,0.0,7.010762031189313,16.37734577835863,0.0
237,10.861932818136347,8.2452201798854,0.0,7.948494103240744,11.267420784541121,0.0,11.437214789471977,7.830492765345014,0.0,3.5379402971081957,25.313888913801094,0.0,13.800022096060852,6.489774222189216,0.0
238,10.861932818136347,16.16951581172209,0.0,7.948494103240744,22.09628543060884,0.0,11.437214789471977,15.356203208703329,0.0,3.5379402971081957,49.64249809197604,0.0,13.800022096060852,12.726950234293616,0.0
239,10.861932818136347,5.626462151161858,0.0,7.948494103240744,7.688783950256645,0.0,11.437214789471977,5.343455991222885,0.0,3.5379402971081957,17.273964159219968,0.0,13.800022096060852,8.857124063178388,58.63714333267126
240,10.861932818136347,2.2044821871056617,0.0,7.948494103240744,2.6531247803504936,0.0,11.437214789471977,2.772577161102259,0.0,3.5379402971081957,4.120536235143756,0.0,0.0,7.965278102027572,0.0
241,12.122179935169427,0.4640132726454168,0.0,11.149012175524286,0.49144942499896066,0.0,6.8375037150067834,0.8226470679598004,0.0,8.758533816854538,0.614869393879403,0.0,6.361117151476861,0.8842554301972964,0.0
242,12.122179935169427,1.458982481956811,0.0,11.741857554668021,1.4048574917839423,0.0,6.8375037150067834,2.586623555278463,0.0,9.537554553476014,1.6692797109857376,0.0,6.361117151476861,2.780336809931943,0.0
243,12.122179935169427,1.1815112302102113,0.0,13.436565555112482,1.065933974666763,0.0,6.8375037150067834,2.094696006760029,0.0,11.652480947640377,1.2291366784797764,0.0,6.361117151476861,2.251568613966859,0.0
244,12.122179935169427,9.079649772382103,89.0,13.436565555112482,8.191464288750455,54.0,6.8375037150067834,16.09727071117603,64.0,11.652480947640377,9.445640699496199,36.0,6.361117151476861,17.302801412023204,55.0
245,0.0,10.169061287870663,0.0,1.685873964873963e-07,10.029105275164294,0.0,0.0,7.584343030054408,0.0,0.0,6.255617578797945,0.0,8.429369735551973e-08,6.2480290665451745,0.0
246,5.466190520262315,1.404446954889965,0.0,5.542470957862567,1.480766860855119,0.0,7.329049621233487,1.1198051242384073,0.0,8.885777576960884,0.9236228625544569,0.0,8.89656966909594,0.9225024505977722,0.0
247,6.221124964426562,12.441351138000634,0.0,5.542470957862567,21.47069456045986,0.0,7.329049621233487,16.236852961360988,0.0,8.885777576960884,13.392266463548733,0.0,8.89656966909594,13.37602081169104,0.0
248,12.90874280098245,3.5865706695909916,0.0,5.542470957862567,8.353335301760826,0.0,7.329049621233487,6.1416170397243555,0.0,8.885777576960884,5.210362054452011,0.0,8.89656966909594,5.20404156133611,0.0
249,12.90874280098245,14.20758962022536,38.156638404510886,5.542470957862567,16.54515843418379,0.0,7.747800013590175,11.276261977383527,0.0,8.885777576960884,20.639962979145867,6.589094513044984,8.89656966909594,10.307462710401852,0.0
250,0.0,39.0994705579063,0.0,5.542470957862567,22.48707651622308,0.0,8.516642990416043,15.240183120026582,0.0,0.0,25.359013371194447,0.0,8.89656966909594,16.7446008432947,0.0
251,6.741308478876332,8.379843665784515,0.0,6.178999025193299,9.142437298579125,0.0,8.77852927330998,6.435145272860846,0.0,10.394000292258777,5.434973019760699,0.0,6.844718812984497,8.25324059311934,0.0
252,6.741308478876332,12.083632265862517,0.0,6.178999025193299,13.183282974694157,0.0,8.77852927330998,9.279400923928113,0.0,10.394000292258777,7.837164744949242,0.0,6.844718812984497,11.901072180635555,0.0
253,6.741308478876332,0.8143501703598697,0.0,6.178999025193299,0.8884587432103758,0.0,8.77852927330998,0.6253650853466288,0.0,10.394000292258777,0.5281687082797224,0.0,6.844718812984497,0.8020469296426318,0.0
254,6.741308478876332,14.76532766498938,70.0,6.178999025193299,16.10902135081294,54.0,8.77852927330998,11.338759088496966,52.0,10.394000292258777,9.576450431265972,61.0,6.844718812984497,14.542252399405564,88.0
255,0.0,6.594588565084453,0.0,8.429369824369815e-08,5.822953154825216,0.0,0.0,4.137797898927938,0.0,0.0,5.7609057103548675,0.0,0.0,3.1434782672704134,0.0
256,2.009280574171605,18.017693738664825,0.0,2.2755426422519216,15.909436873767309,0.0,3.2022778835842685,11.30526560672851,0.0,2.3000513052421017,15.739910643715808,0.0,4.215196534501297,20.32144006065323,0.0
257,7.4990244244779,13.425311664377865,0.0,8.492766053951172,11.854411087958658,0.0,11.951521540422203,8.423759245790652,0.0,8.58423713307134,11.728094007274551,0.0,4.215196534501297,23.884233926783867,0.0
258,7.4990244244779,12.851553600395055,0.0,8.492766053951172,11.347788662683385,0.0,11.951521540422203,8.063752721015042,0.0,8.58423713307134,11.226869999963279,0.0,4.215196534501297,22.86349249745042,0.0
259,7.4990244244779,41.51609114750623,2.452136959065683,8.492766053951172,18.329139354939706,0.0,11.951521540422203,26.049418391672553,3.737632386953919,8.58423713307134,18.13382949453509,0.0,4.215196534501297,36.929498123671536,0.0
260,8.429369735551973e-08,7.893716232960071,0.0,8.492766053951172,3.005295005491412,0.0,0.0,8.553178132362389,0.0,8.58423713307134,3.5575090730546064,0.0,4.215196534501297,3.719593850806503,0.0
261,6.291882361603143,1.4592625517908635,0.0,8.033509905081077,1.1429012248747907,0.0,5.806769580903673,1.5811731777261366,0.0,5.3767489330603455,1.7076319584323576,0.0,9.137426518223524,1.0048243115552817,0.0
262,6.291882361603143,1.7074272724035984,0.0,8.033509905081077,1.3372649895111999,0.0,5.806769580903673,1.8500702308364212,0.0,5.3767489330603455,1.9980348111292021,0.0,9.137426518223524,1.1757064768215482,0.0
263,6.291882361603143,1.1605294007952738,0.0,8.033509905081077,1.0042908635117747,0.0,5.806769580903673,1.2574830747544996,0.0,5.3767489330603455,1.3580538273022047,0.0,9.137426518223524,0.7991215527066441,0.0
264,6.291882361603143,2.2156292159948907,0.0,6.507923721931178,4.284155432551419,33.292548739940685,5.806769580903673,2.400728699450372,0.0,5.3767489330603455,2.592733742551039,0.0,9.137426518223524,1.52564601818337,0.0
265,6.291882361603143,8.182427250635214,0.0,0.0,14.488914757519956,0.0,5.806769580903673,9.824435370659977,0.0,5.3767489330603455,9.269966212207043,0.0,9.137426518223524,5.7268790051675165,0.0
266,7.19139442670358,12.09912994331831,0.0,7.614506211601351,11.42682312213169,0.0,5.422978212030997,16.0446183333927,0.0,6.5246894211827176,13.335441739167049,0.0,10.127155695046241,8.591713039911392,0.0
267,7.19139442670358,8.333033598795325,0.0,7.614506211601351,7.86999573112276,0.0,5.422978212030997,11.050409763211464,0.0,6.5246894211827176,9.184518604879079,0.0,10.127155695046241,5.917370403342727,0.0
268,7.19139442670358,12.051054171739157,0.0,7.614506211601351,11.381418754969046,0.0,5.422978212030997,10.562492959403578,0.0,6.5246894211827176,13.282453495056707,0.0,10.127155695046241,8.557573954248582,0.0
269,2.314855958910605,5.720544241972589,19.1772461195942,2.4510524708025097,5.402673288384522,9.43017434587091,5.422978212030997,1.2209376149130302,0.0,2.100248615286855,6.305080144320662,5.083196260602563,3.2598555045796758,4.062215547978522,9.291703048627824
270,4.214684867775986e-08,20.52052128612741,0.0,8.429369691143052e-08,45.9993662389937,0.0,5.422978212030997,9.039108139302478,0.0,5.1619136520741904e-08,15.073745580874224,0.0,1.1151007939247393e-07,22.548399229124648,0.0
271,8.378096873453913,3.7992198274195683,0.0,3.7375061065651805,8.516436053912008,0.0,13.596919928836979,2.3409883947437953,0.0,11.40545423122095,2.7907903633102897,0.0,7.624617243666048,4.174666181979185,0.0
272,8.378096873453913,1.1756041343425179,0.0,3.7375061065651805,2.635266683592447,0.0,13.596919928836979,0.7667064255795539,0.0,11.40545423122095,0.8635627413587171,0.0,7.624617243666048,1.2917796405500372,0.0
273,8.378096873453913,4.415019327124491,0.0,3.7375061065651805,7.44709479339452,0.0,12.095639814377458,3.05808210135795,0.0,11.40545423122095,3.243137789248801,0.0,7.624617243666048,4.851320195980765,0.0
274,4.230483159471931,4.503231544726346,60.0,3.7375061065651805,5.097207782404285,68.0,6.107640113340774,3.1191825866917733,44.0,5.759133939378356,3.307935778834124,87.0,3.8500169351050832,4.948249624107949,86.0
275,0.0,7.559078801489461,0.0,0.0,16.677615757092436,0.0,1.6858739382286103e-07,7.745183409670829,0.0,0.0,6.9691515006948155,0.0,7.300048254776925e-08,6.716410201510619,0.0
276,8.185448110075889,6.998199102195823,0.0,3.710029550432199,11.485347351110022,0.0,7.988764463158918,7.170494996963845,0.0,8.87833293384393,6.452044099026863,0.0,9.212428208352875,6.218056121519073,0.0
277,8.185448110075889,1.2455043348264885,0.0,6.2650097520521655,1.5828150417041917,0.0,7.988764463158918,1.276168692995299,0.0,8.87833293384393,1.1483024098740136,0.0,9.212428208352875,1.1066584046053165,0.0
278,8.185448110075889,2.993349788095346,0.0,6.617115872202693,3.497223013347918,0.0,7.988764463158918,3.067046159484913,0.0,8.87833293384393,2.7597421214472138,0.0,9.212428208352875,2.659658106594016,0.0
279,8.185448110075889,19.56703144261034,27.223240411043662,7.395092827239241,9.477989420912051,0.0,7.988764463158918,10.024386203919816,0.0,8.87833293384393,18.039976844207608,52.351610771125706,9.212428208352875,17.38574422718316,22.09905806684401
280,0.0,70.15776924931369,0.0,9.503524952215711,22.922584612062263,0.0,7.988764463158918,33.82232667128929,0.0,0.0,102.76241528619184,0.0,0.0,107.98220569337941,0.0
281,6.508331440203443,14.088042871052135,0.0,10.416131714230637,9.756145203789785,0.0,5.511489963969198,18.43808010722558,0.0,4.443356202831495,17.673139473765374,0.0,4.228567220384554,24.032086560182968,0.0
282,7.918270522322322,8.078019516055774,0.0,10.416131714230637,6.454343488592753,0.0,5.511489963969198,12.198024916233832,0.0,7.056727708879165,8.728701724852813,0.0,4.228567220384554,15.89883485403243,0.0
283,8.726723160212078,2.2116343840124286,0.0,10.416131714230637,1.8764244604680436,0.0,5.511489963969198,3.5462432953363416,0.0,8.347462748139248,2.2947966135727986,0.0,4.228567220384554,4.622152921637092,0.0
284,8.948064746259094,19.938055300340746,0.0,10.416131714230637,19.037712660182258,0.0,5.511489963969198,35.97925858569934,0.0,8.68680008494849,19.568460831560603,0.0,4.228567220384554,46.89515674486565,0.0
285,10.94347629112036,7.875066575675114,0.0,10.416131714230637,6.239531556099497,0.0,5.511489963969198,12.4820891408535,0.0,11.580437518768546,8.933192880360915,0.0,4.228567220384554,15.637506745388883,0.0
286,7.3661512128647315,8.173543326538118,0.0,12.692900474049793,4.743404095169067,0.0,6.040224972736931,9.967767154358175,0.0,4.560435906979011,13.202149381387695,0.0,4.992182475676341,12.060367661144893,0.0
287,7.3661512128647315,3.725668896836853,0.0,12.692900474049793,2.162140995218169,0.0,6.040224972736931,4.543512963016659,0.0,4.560435906979011,6.01781080207022,0.0,4.992182475676341,5.497363246813029,0.0
288,7.3661512128647315,23.63493276922081,0.0,12.692900474049793,19.74121316224486,0.0,6.040224972736931,28.823179512316276,0.0,4.560435906979011,38.17584376474684,0.0,4.992182475676341,34.87422375528959,0.0
289,7.3661512128647315,8.459057132962519,64.0,4.945173463263866,12.600304505320905,85.0,6.040224972736931,10.315955675713814,53.0,4.560435906979011,13.66331974193683,39.0,4.992182475676341,12.481653918554342,87.0
290,0.0,19.311387861875655,0.0,1.9768624248683864e-07,42.34799804828352,0.0,8.429369735551973e-08,21.970451577397462,0.0,0.0,49.897470557259865,0.0,0.0,28.379384412741608,0.0
291,9.407325753446155,8.955560612705256,0.0,4.289896013243942,19.638675559583895,0.0,8.268765613481282,10.188688363725488,0.0,3.6408361854602735,23.139705193245216,0.0,6.401425546293593,13.160799165621706,0.0
292,9.407325753446155,1.3401965346188103,0.0,4.289896013243942,2.9389209752115035,0.0,8.268765613481282,1.5247336741826931,0.0,3.6408361854602735,3.4628488436661065,0.0,6.401425546293593,1.969509023204781,0.0
293,9.407325753446155,3.138334620330388,0.0,4.289896013243942,6.882063342705762,0.0,8.268765613481282,3.570464743689346,0.0,3.6408361854602735,8.108943823033716,0.0,6.401425546293593,4.611993982162247,0.0
294,9.407325753446155,11.351458124745093,0.0,4.289896013243942,24.892646354690967,0.0,8.268765613481282,12.91448679860707,0.0,3.6408361854602735,29.330312850255346,0.0,6.401425546293593,33.363463240385435,31.5332980746025
295,9.407325753446155,12.530544957570557,0.0,4.289896013243942,14.196026361927206,0.0,8.268765613481282,10.043504557525244,0.0,3.6408361854602735,11.060839348260002,0.0,8.429369735551973e-08,16.57692847080787,0.0
296,4.621888725084792,4.605011117200534,0.0,8.093407473293585,2.629776028417099,0.0,9.234457662393648,2.30482934023895,0.0,12.252505830241834,1.7371017207717732,0.0,10.604720992485163,2.007016401144516,0.0
297,4.621888725084792,4.443261669829019,0.0,8.093407473293585,2.5374060409227126,0.0,9.234457662393648,2.2238729945144393,0.0,12.252505830241834,1.6760866143557538,0.0,10.604720992485163,1.936520633493027,0.0
298,4.621888725084792,20.89443531652242,0.0,8.093407473293585,11.932150373636004,0.0,9.234457662393648,10.457761412424546,0.0,12.252505830241834,7.88179629085248,0.0,10.604720992485163,9.106487108419188,0.0
299,4.621888725084792,25.83847738362707,17.249541778968705,8.093407473293585,14.755536024574921,26.298634014434356,9.234457662393648,6.466138654740934,0.0,12.252505830241834,9.74678709026183,63.93827716758824,10.604720992485163,11.261264429056732,39.11178295707214
300,0.0,19.73378543371855,0.0,1.1920928955078125e-07,18.859526325660273,0.0,9.234457662393648,5.090655000371631,0.0,1.6858739471103945e-07,17.630843302778693,0.0,0.0,10.494670193092608,0.0
301,3.966261223378266,4.294202863075475,0.0,4.15012256174752,4.1039583886323685,0.0,6.140645924573233,2.7736382312777437,0.0,4.439342102912981,3.8365888247180315,0.0,7.45800930530815,2.2837099826375806,0.0
302,3.966261223378266,2.413075065832823,0.0,4.15012256174752,2.306169497481926,0.0,6.140645924573233,1.5586122665717523,0.0,4.439342102912981,2.155924423223323,0.0,7.45800930530815,1.2833030465518078,0.0
303,3.966261223378266,3.743887573401835,0.0,4.15012256174752,3.5780235128330236,0.0,6.140645924573233,2.4181879706903064,0.0,4.439342102912981,3.344918179954585,0.0,7.45800930530815,1.9910455322846916,0.0
304,3.966261223378266,19.370016944192987,90.0,4.15012256174752,18.511874012267498,84.0,6.140645924573233,12.511150788631731,29.0,4.439342102912981,17.305840435233083,89.0,7.45800930530815,10.30121351268962,69.0
305,0.0,18.181002763549344,0.0,5.960464477539063e-08,12.46982596537391,0.0,0.0,15.37461286674787,0.0,5.960464477539063e-08,15.484618770431561,0.0,8.429369735551973e-08,8.586125813181932,0.0
306,5.934050119209878,1.624683972202945,0.0,8.651843351520306,1.1143239338972948,0.0,7.017216144006622,1.37390040738072,0.0,6.967364343477024,1.3837307256588791,0.0,12.565269044509488,0.7357470089625281,0.0
307,5.934050119209878,8.091938432053542,0.0,8.651843351520306,5.5500274642546055,0.0,7.017216144006622,6.842880029907341,0.0,6.967364343477024,6.891841139658733,0.0,13.641989704728001,3.5198654490059016,0.0
308,5.934050119209878,7.765469566467201,0.0,8.651843351520306,5.326111874010993,0.0,7.017216144006622,6.566804365285614,0.0,6.967364343477024,6.613790141426573,0.0,13.641989704728001,3.377856647307457,0.0
309,5.934050119209878,15.610552091211071,9.171385294292122,8.651843351520306,10.706827982675554,13.473331042914651,7.017216144006622,6.600466381308579,0.0,6.967364343477024,13.295386021330799,23.056518035584304,13.641989704728001,3.3951718372019557,0.0
310,0.0,11.311755884769378,0.0,0.0,8.352697238603955,0.0,7.017216144006622,2.115275887331211,0.0,0.0,9.49294701264292,0.0,13.641989704728001,1.1702578271993989,0.0
311,2.7485344150724407,22.075259529097966,0.0,3.722240787142819,16.300560336386848,0.0,7.680984941910937,15.607223475947444,0.0,3.2751420926272394,36.602640469753574,0.0,12.925446651234342,13.757764580875863,0.0
312,8.112388723409879,10.216616249785641,0.0,10.98631475081525,10.011161018451428,0.0,7.680984941910937,10.790434180378346,0.0,3.2751420926272394,25.306127218951257,0.0,4.501635749990951,18.411343578016893,0.0
313,8.112388723409879,1.0881530382343467,0.0,5.571437602465266,1.7296417657609484,0.0,7.680984941910937,1.1492693324458376,0.0,3.2751420926272394,2.6953091460026672,0.0,4.501635749990951,1.9609583997848465,0.0
314,8.112388723409879,4.8979638694830525,87.0,4.635901988265403,8.570972000823422,80.0,7.680984941910937,5.173058815107889,46.0,3.2751420926272394,12.132049767217744,83.0,4.501635749990951,8.826610829750768,78.0
315,0.0,35.11741440641888,0.0,8.429369735551973e-08,9.063156088269512,0.0,0.0,14.13340897491014,0.0,0.0,10.39197284836055,0.0,0.0,13.993110907119323,0.0
316,3.3152891781507314,1.6045234477553962,0.0,12.84589849809128,0.4140978712561805,0.0,8.23753024857015,0.6457589910951652,0.0,11.203299474036092,0.4748118386695399,0.0,8.32012157403837,0.6393487372866163,0.0
317,3.3152891781507314,8.248986569202959,0.0,12.84589849809128,2.1289111001190606,0.0,8.23753024857015,3.3198999066906314,0.0,11.203299474036092,2.441046583372015,0.0,8.32012157403837,3.2869442664063624,0.0
318,3.3152891781507314,5.879720716902945,0.0,12.84589849809128,1.5174473366883114,0.0,8.23753024857015,2.366361503398489,0.0,11.203299474036092,1.739931571808146,0.0,8.32012157403837,2.342871349875674,0.0
319,3.3152891781507314,11.840655449858444,40.718950838490855,12.84589849809128,1.5279272555734404,0.0,8.23753024857015,4.765408525442562,3.0887474925621063,11.203299474036092,1.751948029511396,0.0,8.32012157403837,4.718103759158622,17.92397674161475
320,0.0,34.0718631272747,0.0,12.84589849809128,8.492043824036015,0.0,0.0,17.629294860599312,0.0,11.203299474036092,7.006253079315136,0.0,0.0,13.110969020793561,0.0
321,4.64896184960633,31.255537982970203,0.0,5.806712711400393,25.023763167492223,0.0,8.984976034278205,16.172085837224273,0.0,11.404903516997212,12.740642957232794,0.0,12.081394714036279,12.027237509501482,0.0
322,4.64896184960633,6.286322554051048,0.0,5.806712711400393,5.032946381302037,0.0,8.984976034278205,3.2526379165184816,0.0,11.404903516997212,2.5624832059778564,0.0,12.081394714036279,2.4189983375139144,0.0
323,4.64896184960633,14.31579867833197,0.0,5.806712711400393,11.46149382791825,0.0,8.984976034278205,7.407209729698131,0.0,11.404903516997212,7.801473878097367,0.0,12.081394714036279,7.364634545604448,0.0
324,4.64896184960633,9.34244052268199,48.0,5.806712711400393,7.47973097694307,44.0,8.984976034278205,4.833919292630123,57.0,5.656898635301019,7.677819901869568,70.0,5.992442212992854,7.247904615249158,37.0
325,0.0,3.8993126148066977,0.0,8.429369735551973e-08,3.502086680163695,0.0,1.1920928955078125e-07,5.277696706317616,0.0,8.429369735551973e-08,3.6306482590162554,0.0,0.0,3.555774566370374,0.0
326,4.0487262779444055,5.666550535961254,0.0,4.507954998288684,5.089294828576522,0.0,2.991314146839764,5.153515322048226,0.0,4.348327906522365,3.5452209723363124,0.0,4.439890424662981,3.4721089518709243,0.0
327,4.0487262779444055,3.5222965868321836,0.0,4.507954998288684,3.1634776201703563,0.0,5.912244153294687,2.4120815007063428,0.0,8.594341810974665,1.659325991853245,0.0,8.775312426551672,1.625106213503244,0.0
328,4.0487262779444055,6.218002336737761,0.0,4.507954998288684,5.584569825259314,0.0,5.912244153294687,4.258110592919399,0.0,8.594341810974665,4.095320958651498,0.0,8.775312426551672,4.010864392452201,0.0
329,4.0487262779444055,1.4148299032521376,0.0,4.507954998288684,1.270700131277495,0.0,5.912244153294687,0.9688806584427525,0.0,3.7001717137281602,3.096212467034066,10.155813842327916,3.778086040095646,3.03236023924497,25.13404160788923
330,4.0487262779444055,1.6473912208355916,0.0,4.507954998288684,1.7076633476758114,0.0,5.912244153294687,1.111880123481548,0.0,7.300048299185846e-08,6.28796415581872,0.0,4.214684867775986e-08,4.0732421569525465,0.0
331,4.83075018407949,18.496068631121087,0.0,4.058119567323809,42.02664744340584,0.0,7.243824797152023,23.544075832170506,0.0,2.326344544536514,24.720195915051228,0.0,3.59123539279684,47.490387480916795,0.0
332,13.610915852144235,14.455037753623627,0.0,4.058119567323809,48.48213544232426,0.0,7.243824797152023,27.160555095354024,0.0,11.472021853948474,17.15009830079974,0.0,3.59123539279684,54.78513129458605,0.0
333,13.610915852144235,7.526025812737324,0.0,4.058119567323809,16.995988618002567,0.0,7.243824797152023,14.141162563526777,0.0,11.472021853948474,8.929211026823175,0.0,3.59123539279684,19.20557870282461,0.0
334,4.717948728681044,3.99275092726868,67.0,4.058119567323809,4.641951642475427,74.0,2.510925375174338,7.502251750370041,65.0,3.97654437873192,4.737177005239524,73.0,3.59123539279684,5.245435826535943,49.0
335,1.5769906713813953e-07,3.5747934782337474,0.0,0.0,2.956354392485922,0.0,6.664001883649462e-08,2.359567356334837,0.0,4.214684867775986e-08,3.2360819674133685,0.0,4.440892098500626e-16,3.9754054391459706,0.0
336,2.304132181410292,4.764151641171172,0.0,2.786133245652425,3.9399533854564868,0.0,3.490808210869799,3.144611347985218,0.0,2.545299286417241,4.312748277626982,0.0,2.071938921682691,5.298049570219068,0.0
337,5.374864638845169,2.164042591462391,0.0,6.4992317636926344,2.021881272523891,0.0,8.143031795211694,1.42839132823301,0.0,5.937436766960295,2.2131898838781234,0.0,4.8332258599778095,2.406557512265621,0.0
338,6.7696976175959165,9.824617106599918,0.0,6.4992317636926344,15.019722025072188,0.0,10.256232788756634,9.517788497760602,0.0,5.937436766960295,16.4408747913552,0.0,6.087497972158195,10.925619577128487,0.0
339,13.102151515660736,11.422905493539274,11.139260500509408,6.4992317636926344,11.51402534692737,0.0,10.256232788756634,14.592554752608033,6.131728935077263,5.937436766960295,12.603472205232984,0.0,11.781814386388891,12.70302125098212,24.891571188447415
340,0.0,20.679336187307097,0.0,6.4992317636926344,10.203098264002659,0.0,0.0,16.687631860125062,0.0,5.937436766960295,14.40633064705949,0.0,0.0,56.30511346345412,0.0
341,8.76524584298645,9.509770012762278,0.0,11.265907889133276,7.398912976425424,0.0,10.861904617193204,7.6741119545626635,0.0,6.644494745802124,12.545042965800265,0.0,3.2192363073588797,24.367122471058693,0.0
342,8.76524584298645,7.0157770184965385,0.0,11.265907889133276,5.458504627577572,0.0,10.861904617193204,5.661531058683465,0.0,6.644494745802124,9.255031826994541,0.0,3.622398126179565,16.364727051401413,0.0
343,8.76524584298645,3.0102540184328648,0.0,11.265907889133276,2.725949446649209,0.0,10.861904617193204,2.827339813661481,0.0,6.644494745802124,3.97104934699089,0.0,3.8931577585646857,6.682541840049384,0.0
344,8.76524584298645,6.419481846372837,33.365380916628055,8.092937194245392,6.952770593502457,24.237761900418263,7.802718852478693,7.211375518228337,19.93800979473599,6.644494745802124,8.468414530655153,17.723117153262137,4.003722546252667,6.927833457224271,0.0
345,0.0,9.044299687249266,0.0,1.1920928955078125e-07,11.0314113858556,0.0,1.1920928955078125e-07,13.205727411739195,0.0,8.429369735551973e-08,9.555430157425896,0.0,4.118345762039376,3.599679910303809,0.0
346,3.548189829747002,23.953003313868372,0.0,2.9090466967428896,29.21568871524915,0.0,2.430073678842511,34.97416703457579,0.0,3.3583931684205997,25.306686408647444,0.0,4.7965836114374465,26.934015308923488,0.0
347,12.945247168523975,14.84571330732176,0.0,10.613391707060961,18.107447031138005,0.0,8.865902310695612,21.676465792374305,0.0,12.252791350057768,15.684705849122262,0.0,9.871387225639133,19.468533020077402,0.0
348,12.945247168523975,34.127197669230334,0.0,10.613391707060961,41.625243012876616,0.0,8.865902310695612,49.82967254943729,0.0,12.252791350057768,36.055866485899074,0.0,9.871387225639133,44.754095741458265,0.0
349,2.849520509784014,9.632406907969946,65.0,2.3362301973790824,11.748731536245405,44.0,1.9515711166563392,14.064432683931873,43.0,2.6970964555228925,10.176773993985382,61.0,2.1728994428065374,12.631850308725133,72.0
350,7.300048299185846e-08,8.022774720733528,0.0,2.9802322387695312e-08,23.17303984270778,0.0,8.161702091946665e-08,13.070797192090048,0.0,6.664001883649462e-08,12.496458979249596,0.0,9.884312124341932e-08,7.914320897520521,0.0
351,9.341896042668278,16.66325315680189,0.0,3.234272577901803,48.13025957895424,0.0,5.733998151165732,27.14796458241969,0.0,5.997533164570306,25.955067600640774,0.0,9.46991260383571,16.437995284186247,0.0
352,9.341896042668278,15.538806580384684,0.0,3.234272577901803,44.882400046583456,0.0,5.733998151165732,25.31600322744642,0.0,5.997533164570306,24.203603668023007,0.0,9.46991260383571,15.328749247621023,0.0
353,9.341896042668278,12.651820607206446,0.0,3.234272577901803,36.543609116485335,0.0,5.733998151165732,20.612492321606734,0.0,5.997533164570306,19.706767702630746,0.0,9.46991260383571,12.480790246695433,0.0
354,9.341896042668278,11.455008376835414,19.065715672397346,3.234272577901803,16.54336405586959,0.0,5.733998151165732,18.662632007046444,38.43964519732981,5.997533164570306,8.92129267883403,0.0,9.46991260383571,5.650078406264626,0.0
355,0.0,10.671876471602017,0.0,3.234272577901803,9.72434669019135,0.0,0.0,27.951286372810426,0.0,5.997533164570306,12.591237687102526,0.0,9.46991260383571,6.615095662655598,0.0
356,12.74581732158646,5.191179392196622,0.0,10.753483342275022,6.152966635137246,0.0,4.866387405979675,13.59649750351148,0.0,4.805359399748928,13.769172857285017,0.0,11.092418603778405,5.9649591833817315,0.0
357,12.74581732158646,3.1387912195448324,0.0,10.753483342275022,3.720325611854641,0.0,4.866387405979675,8.22097711451399,0.0,4.805359399748928,8.325383424392415,0.0,11.092418603778405,3.6066489125546193,0.0
358,12.74581732158646,2.480286474302235,0.0,10.753483342275022,2.939817480571824,0.0,4.866387405979675,6.496251874195744,0.0,4.805359399748928,6.578754194391739,0.0,11.092418603778405,2.8499896583320083,0.0
359,12.74581732158646,7.563821569523915,79.0,10.753483342275022,8.965196198261017,57.0,4.866387405979675,19.81081240259766,60.0,4.805359399748928,20.062409480394805,62.0,11.092418603778405,8.691259353420834,70.0
360,0.0,8.848453230908973,0.0,0.0,9.317742952805444,0.0,0.0,14.024713814911362,0.0,0.0,26.490087234684886,0.0,1.1920928955078125e-07,12.992769351951722,0.0
361,11.258063923610592,10.913936207471654,0.0,10.691049603236667,11.492771621293924,0.0,7.10292227087997,12.088600592527198,0.0,3.7605180842220385,32.67363398608489,0.0,7.667068340194087,16.025654921815093,0.0
362,11.258063923610592,8.659268530063034,0.0,10.691049603236667,9.118524584681147,0.0,13.225285372588433,7.371228362695001,0.0,3.7605180842220385,25.923714887100942,0.0,7.667068340194087,12.71497713566635,0.0
363,11.258063923610592,5.518440809495217,0.0,10.691049603236667,8.155010155496647,0.0,13.225285372588433,4.6975893254240715,0.0,3.7605180842220385,16.520851116930903,0.0,7.667068340194087,8.10309190362399,0.0
364,11.258063923610592,1.217653810339698,0.0,4.545463462313266,6.03169483927492,22.380408908473328,13.225285372588433,1.0365314658574614,0.0,3.7605180842220385,3.6453552746225597,0.0,7.667068340194087,1.7879616856637164,0.0
365,11.258063923610592,3.669984359620852,0.0,5.960464477539063e-08,9.689901456210624,0.0,13.225285372588433,3.0480617285675127,0.0,3.7605180842220385,6.967788756207387,0.0,7.667068340194087,4.511795338796181,0.0
366,11.048727999736213,13.246001063211228,0.0,8.448545866476863,17.322680748215873,0.0,13.632955949995814,10.735123282759707,0.0,7.9886293621709115,18.319971574180844,0.0,10.477721333231699,13.96787127440214,0.0
367,11.048727999736213,2.4391907182055967,0.0,8.448545866476863,3.1898926999816704,0.0,13.632955949995814,1.9768240199546112,0.0,7.9886293621709115,3.3735392597574716,0.0,10.477721333231699,2.5721198271859884,0.0
368,11.048727999736213,8.88156224014118,0.0,8.448545866476863,11.615012447694625,0.0,13.632955949995814,7.197996220627256,0.0,7.9886293621709115,12.28370487041608,0.0,10.477721333231699,9.36558267615054,0.0
369,11.048727999736213,4.67346360998414,0.0,8.448545866476863,12.223601329612656,5.958911318281025,13.632955949995814,7.57514781574511,14.172358103307488,7.9886293621709115,12.927331060793637,28.484410811186535,10.477721333231699,9.856308752860052,2.526467706571566
370,11.048727999736213,14.292625910055863,0.0,0.0,31.334282611077494,0.0,0.0,27.918130857950505,0.0,0.0,38.311084292023736,0.0,0.0,67.77873232703384,0.0
371,4.518428872098964,9.956782043133982,0.0,7.100706673706887,6.335849870194232,0.0,7.969571845062598,5.645097670430716,0.0,5.807602519321506,7.746572067771108,0.0,3.2826749927801813,13.704984975923782,0.0
372,4.518428872098964,6.224324616900819,0.0,7.100706673706887,3.9607562107109127,0.0,7.969571845062598,3.528943411902961,0.0,5.807602519321506,4.842646852079451,0.0,3.2826749927801813,8.567454323128683,0.0
373,4.518428872098964,16.45859484768802,0.0,7.100706673706887,15.370108613236921,0.0,7.969571845062598,13.694416077474221,0.0,5.807602519321506,12.805110182137772,0.0,3.2826749927801813,22.654387143879113,0.0
374,4.518428872098964,4.989369457277339,59.0,2.5761267209416125,8.751165107057465,59.0,2.8913498230468084,7.797088494944967,74.0,5.807602519321506,3.8818274725806234,60.0,3.2826749927801813,6.867603725289137,56.0
375,0.0,6.935174166465602,0.0,8.429369691143052e-08,19.701804241231883,0.0,7.300048299185846e-08,4.462021566611428,0.0,0.0,11.957614345102625,0.0,0.0,4.99146270516751,0.0
376,3.379275580015504,94.36424223126082,0.0,1.189528773923515,84.94655497720655,0.0,5.252297423555405,45.76671542054983,0.0,1.9599114026862734,51.55660161605654,0.0,4.695189784675572,67.91690943773034,0.0
377,3.379275580015504,29.094517321338607,0.0,6.318316117121974,15.560853568232384,0.0,8.682841966219765,10.818139055992223,0.0,10.410290255425192,9.444346841827993,0.0,4.695189784675572,15.405015628987385,0.0
378,3.379275580015504,45.49031063683848,0.0,6.318316117121974,24.32994693725613,0.0,9.493739308519634,15.271494918792422,0.0,10.410290255425192,14.76657154513788,0.0,8.069275278421593,15.703729656770916,0.0
379,3.379275580015504,19.636338889608062,0.0,6.318316117121974,10.502260295388174,0.0,10.638447707857077,6.106082498891586,0.0,10.410290255425192,12.748270817160781,11.939353968133219,11.508786649829583,5.479979823272541,0.0
380,3.379275580015504,9.374319939425195,0.0,6.318316117121974,7.0415933272840965,0.0,11.096142515123612,5.8566988164162455,0.0,1.1920928955078125e-07,10.194122391093753,0.0,12.709039922726792,5.739882236516139,0.0
381,7.745719323989546,12.259247907338445,0.0,8.492147467948765,11.181705660651474,0.0,6.710691133603015,14.150061673672486,0.0,10.230332375693074,9.281877648380584,0.0,5.460193740491583,17.390718704589556,0.0
382,7.745719323989546,16.837489182132995,0.0,8.492147467948765,15.357536573374459,0.0,6.710691133603015,19.4344312275761,0.0,10.230332375693074,12.748213893361116,0.0,5.460193740491583,23.885318273298275,0.0
383,7.745719323989546,10.19783510809161,0.0,8.492147467948765,9.301483371282497,0.0,6.710691133603015,11.770705414241615,0.0,10.230332375693074,7.721114579549806,0.0,5.460193740491583,14.466440608844174,0.0
384,7.745719323989546,11.487801239151782,40.0,8.492147467948765,10.478066282301851,54.0,6.710691133603015,13.2596303833275,39.0,10.230332375693074,8.697790036891485,80.0,5.460193740491583,16.29635996516079,72.0
385,0.0,22.351491743111268,0.0,0.0,49.94374866217013,0.0,0.0,25.943281000549387,0.0,1.1920928955078125e-07,46.378045925746385,0.0,8.429369735551973e-08,39.49571337749606,0.0
386,9.031940421350502,8.223683785109552,0.0,4.042094299281154,18.375578720255206,0.0,7.7814884612248365,9.545194645118622,0.0,4.352864209643732,17.06366622385744,0.0,5.1113733911659125,14.531480349196954,0.0
387,9.031940421350502,39.623566260745505,0.0,4.042094299281154,88.53768943790654,0.0,7.7814884612248365,45.990904122237296,0.0,4.352864209643732,82.21659866062728,0.0,5.1113733911659125,70.01595507912107,0.0
388,9.031940421350502,18.30432787789415,0.0,4.042094299281154,40.900480445348876,0.0,7.7814884612248365,21.245755188073932,0.0,4.352864209643732,37.98041723418159,0.0,5.1113733911659125,32.34426174611642,0.0
389,9.031940421350502,18.95145747560984,49.0,4.042094299281154,42.34647299225454,56.0,7.7814884612248365,21.99687603850958,76.0,4.352864209643732,39.32317408326988,70.0,5.1113733911659125,33.48775837282583,83.0
390,1.1920928955078125e-07,14.16421845393841,0.0,0.0,8.698413308344588,0.0,0.0,14.712394620699113,0.0,0.0,17.49388372402027,0.0,0.0,8.389860669353055,0.0
391,4.5293785520225915,6.074947888222942,0.0,7.37549558588946,3.157584396127785,0.0,4.360616379177102,6.310057174707136,0.0,3.6672879488645735,7.503021048044798,0.0,7.646743073372715,3.5983605576322426,0.0
392,4.5293785520225915,1.6360356737974984,0.0,10.052851667989225,0.7371266518174354,0.0,4.360616379177102,1.6993526251535593,0.0,3.6672879488645735,2.0206280484564876,0.0,7.646743073372715,0.9690694221237675,0.0
393,4.5293785520225915,4.935746464602988,0.0,10.052851667989225,2.2238330886927065,0.0,4.360616379177102,5.126767005175748,0.0,3.6672879488645735,6.096020952463165,0.0,7.646743073372715,2.923579877142872,0.0
394,4.5293785520225915,4.557052926169276,0.0,10.052851667989225,2.0532102199366733,0.0,4.360616379177102,4.73341747803966,0.0,3.6672879488645735,5.628305732200123,0.0,7.646743073372715,5.398538328323629,50.996442685078364
395,4.5293785520225915,7.331524618822609,0.0,10.052851667989225,6.111645349172007,0.0,4.360616379177102,13.60045917181459,0.0,3.6672879488645735,13.025419322639078,0.0,0.0,13.497431894686963,0.0
396,12.08133156554356,18.57515341094066,0.0,9.873342213591414,22.729140992347087,0.0,4.593627637483825,48.85302095607694,0.0,5.682263658383631,39.493518909020075,0.0,9.022592676389008,24.872295058345156,0.0
397,12.08133156554356,26.845102320724212,0.0,9.873342213591414,32.84851016316991,0.0,4.593627637483825,70.60315019901394,0.0,5.682263658383631,57.07665140970755,0.0,9.022592676389008,35.94582994933693,0.0
398,12.08133156554356,45.33872109577131,0.0,9.873342213591414,36.01687215001471,0.0,4.593627637483825,77.41308879686427,0.0,5.682263658383631,62.58190847508485,0.0,9.022592676389008,39.41294004447788,0.0
399,3.605344000319821,19.285266879544977,77.0,9.873342213591414,7.042197197282099,80.0,4.593627637483825,15.136190468944015,82.0,5.682263658383631,12.236324648852866,86.0,9.022592676389008,7.706213107420845,61.0
400,8.429369691143052e-08,9.661834194150243,0.0,0.0,17.224787574852606,0.0,0.0,20.136768920023716,0.0,0.0,10.964701701396102,0.0,1.1920928955078125e-07,9.570130325801784,0.0
401,10.745291443824247,3.859808892342604,0.0,6.027315266520566,6.881135237119956,0.0,5.155704250508954,8.044443484435996,0.0,9.46849517112389,3.741822994513681,0.0,10.848256025493203,3.8231740998941004,0.0
402,10.745291443824247,4.628392755237972,0.0,6.027315266520566,8.251340252229198,0.0,5.155704250508954,9.64629207864419,0.0,12.699721511758582,3.9161039102683377,0.0,10.848256025493203,4.584463065274645,0.0
403,10.745291443824247,9.239894843757211,0.0,6.027315266520566,16.472568401714838,0.0,5.155704250508954,19.257381374554022,0.0,12.699721511758582,7.817916551519064,0.0,10.848256025493203,9.15219577903963,0.0
404,10.745291443824247,1.4515031054890661,0.0,6.027315266520566,5.175380151999144,41.11831696075387,5.155704250508954,3.02515876440281,0.0,12.699721511758582,1.228123300629466,0.0,10.848256025493203,1.437726383249412,0.0
405,10.745291443824247,3.528124787089022,0.0,0.0,10.073579365106635,0.0,5.155704250508954,6.195759371111351,0.0,12.699721511758582,2.6470198565170984,0.0,10.848256025493203,4.350100176877541,0.0
406,6.556600880254016,6.203457681033708,0.0,6.059736361791163,6.712106544526579,0.0,4.696717626420122,8.660004566441417,0.0,10.36139569967231,4.984687982016587,0.0,3.184348441087618,12.772972821464235,0.0
407,6.556600880254016,13.68243926032462,0.0,6.059736361791163,14.804322819045803,0.0,4.696717626420122,19.10063589806323,0.0,5.958019372574352,15.057066398813053,0.0,3.184348441087618,28.17226034083941,0.0
408,6.556600880254016,26.914579344761222,0.0,6.059736361791163,29.121424446156396,0.0,4.696717626420122,37.5726557693939,0.0,5.958019372574352,29.61859362791553,0.0,3.184348441087618,55.41735079822329,0.0
409,6.556600880254016,9.952211213074309,71.0,6.059736361791163,10.768236767504309,57.0,4.696717626420122,13.893250987254483,57.0,5.958019372574352,10.952075298795544,68.0,3.184348441087618,20.49168864756199,64.0
410,0.0,14.593243709532977,0.0,8.429369824369815e-08,23.511742114543196,0.0,0.0,13.750440463926289,0.0,0.0,8.604341243620278,0.0,0.0,9.340842168203048,0.0
411,7.238865084316905,5.971040493818648,0.0,4.493011188168448,9.62017558771449,0.0,7.682555524894192,5.626195138803305,0.0,12.277351556017337,3.5205928860578717,0.0,11.309314562178054,3.821943081528522,0.0
412,7.238865084316905,0.9839422317950379,0.0,4.493011188168448,1.5852676008201643,0.0,7.682555524894192,0.9271166402437485,0.0,12.277351556017337,0.5801434482207226,0.0,11.309314562178054,0.6298016584087488,0.0
413,7.238865084316905,1.5478911647779183,0.0,4.493011188168448,2.4938676619679523,0.0,7.682555524894192,1.458495844348332,0.0,12.277351556017337,0.9126541058883136,0.0,11.309314562178054,1.0907057629407992,0.0
414,7.238865084316905,0.7776884684255502,0.0,4.493011188168448,1.252964140259903,0.0,7.682555524894192,0.7327746454053956,0.0,12.277351556017337,0.45853390080716977,0.0,9.236969665425637,0.6533664407480022,0.0
415,7.238865084316905,5.106146152566719,0.0,4.493011188168448,7.491144431458768,0.0,7.682555524894192,4.023382253172854,0.0,12.277351556017337,3.080049103525496,0.0,7.9955710635307415,4.565445466707037,0.0
416,4.583064461623252,3.050257099082472,0.0,3.5651033788687077,3.92121165194793,0.0,7.320866041454245,1.9095452410220533,0.0,7.321199648189942,1.9094582283485662,0.0,5.226468386314411,2.6747554708691084,0.0
417,4.583064461623252,21.04896345561789,0.0,3.5651033788687077,27.059175040826094,0.0,7.320866041454245,13.17723283300045,0.0,7.321199648189942,13.176632383095765,0.0,5.226468386314411,18.45773268619664,0.0
418,4.583064461623252,18.12269375749742,0.0,3.5651033788687077,23.297353507662965,0.0,7.320866041454245,11.34530713150013,0.0,7.321199648189942,11.34479015736208,0.0,5.226468386314411,15.891701158349155,0.0
419,4.583064461623252,15.123504275577298,0.0,3.5651033788687077,19.441791054765982,0.0,7.320866041454245,18.93546326025581,6.192128354239685,7.321199648189942,18.934600205775908,7.789389767451212,5.226468386314411,13.261726630184956,0.0
420,4.583064461623252,66.44403116835306,0.0,3.5651033788687077,69.8163684789533,0.0,0.0,71.9892163503346,0.0,8.42936964673413e-08,88.38970211038202,0.0,5.226468386314411,73.00412262137404,0.0
421,7.050991974465543,8.308362203981774,0.0,7.506993685115558,7.8036824964142175,0.0,10.737908365219612,5.455643057169096,0.0,8.745516531301575,6.698540333387225,0.0,5.362161141678034,10.925109050880861,0.0
422,7.050991974465543,8.0328499683957,0.0,7.506993685115558,7.544905861789332,0.0,10.737908365219612,5.274729373059376,0.0,8.745516531301575,6.476411136668943,0.0,5.362161141678034,10.562823302531168,0.0
423,7.050991974465543,20.2556356315923,0.0,7.506993685115558,19.025235702440458,0.0,10.737908365219612,13.30075834309232,0.0,8.745516531301575,16.330919250437876,0.0,5.362161141678034,26.635216753549628,0.0
424,7.050991974465543,64.59362275065752,0.0,7.506993685115558,60.66997452250156,0.0,10.737908365219612,42.41506819817475,0.0,8.745516531301575,104.15602417225264,17.948402996873483,5.362161141678034,55.59414048545605,0.0
425,7.050991974465543,37.43292333418965,0.0,7.506993685115558,29.808632335690454,0.0,10.737908365219612,23.040744716752112,0.0,0.0,49.75776484722504,0.0,11.022627314065458,29.60557111778197,0.0
426,7.6454341257277285,19.408802214544128,0.0,10.94840491552527,13.553455497444611,0.0,13.138498333351128,11.294191697227799,0.0,11.056167679240097,13.421352053949176,0.0,7.55935474959736,19.629812822116772,0.0
427,7.6454341257277285,2.7752851679206376,0.0,10.94840491552527,1.9380229444526778,0.0,13.138498333351128,1.6149684228056287,0.0,11.056167679240097,1.9191333332694904,0.0,7.55935474959736,2.806887708580765,0.0
428,7.6454341257277285,7.420175426168155,0.0,10.94840491552527,5.18161895361271,0.0,13.138498333351128,4.317880246489519,0.0,11.056167679240097,6.768808249876311,0.0,7.55935474959736,7.50466994886488,0.0
429,7.6454341257277285,2.694086793448878,0.0,10.94840491552527,1.8813209108751932,0.0,13.138498333351128,1.5677182114504875,0.0,5.706151573384313,7.219388598125034,0.9135529175691772,7.55935474959736,5.449529434877637,11.687323737351107
430,7.6454341257277285,14.439661467803829,0.0,10.94840491552527,10.51048678619175,0.0,13.138498333351128,7.517871094924265,0.0,8.429369735551973e-08,15.781713608941075,0.0,0.0,13.990248008346956,0.0
431,5.75131406419646,13.663624893044751,0.0,7.4564998778529485,10.53896590928408,0.0,12.592789978113109,6.240380261392087,0.0,12.257509678291507,6.411073707283942,0.0,13.827096454366274,5.6833188568998665,0.0
432,5.75131406419646,8.84463261610355,0.0,7.4564998778529485,6.822002385963193,0.0,12.592789978113109,5.112319762073243,0.0,12.257509678291507,4.149966942121743,0.0,13.827096454366274,4.655957183578939,0.0
433,5.75131406419646,2.939037066052335,0.0,7.4564998778529485,2.8554667288051254,0.0,7.307475390662663,2.9136994893961288,0.0,12.257509678291507,1.3790178965241118,0.0,8.023731614695002,2.6536016328803775,0.0
434,5.75131406419646,3.1027213601437613,28.285750973329414,4.382773220772662,4.071560196475702,19.823937554807344,4.295179773123464,4.15459321630857,33.79021755934809,12.257509678291507,0.7279098880697291,0.0,4.716180061371925,3.7837241119747054,29.233150206317077
435,0.0,7.794520156677408,0.0,0.0,6.051470987597895,0.0,5.960464477539063e-08,6.304558375929895,0.0,12.257509678291507,2.212868148460883,0.0,2.0647654608296762e-07,6.030295673762246,0.0
436,5.837654798533004,1.3160658676369041,0.0,7.519116936715548,1.0217607056862708,0.0,7.217272789927627,1.0644932581899988,0.0,8.304817104051095,1.1439162432518715,0.0,7.545520022799708,1.0181853873797622,0.0
437,6.823313706710235,3.9631457118965177,0.0,8.78868234372838,3.076887455941614,0.0,8.43587331764725,3.902789232404754,0.0,6.261519023503667,5.258058855440763,0.0,8.819543459261071,3.733009049972149,0.0
438,9.791485719520864,4.909244588898326,0.0,12.61179851329325,3.811415020242112,0.0,8.43587331764725,5.698141315763539,0.0,6.261519023503667,7.676858938765289,0.0,8.819543459261071,5.450259246169686,0.0
439,9.791485719520864,7.85637390685524,0.0,12.61179851329325,6.099492696074025,0.0,8.43587331764725,9.118862981887906,0.0,6.261519023503667,24.570898092758746,10.68771767837461,8.819543459261071,17.444343524474107,26.323907118247007
440,9.791485719520864,3.2887576909993053,0.0,12.61179851329325,1.905060718176829,0.0,8.43587331764725,3.856765582050803,0.0,0.0,10.939993272752307,0.0,0.0,8.785703837650548,0.0
441,4.1673162086824815,21.002134179908246,0.0,11.485657678259779,7.620158691523597,0.0,3.4671361398536558,25.243466265662768,0.0,4.196265578412489,13.06083309537019,0.0,5.22520654540878,10.488910604241944,0.0
442,4.1673162086824815,6.940613075579523,0.0,11.485657678259779,2.51824755519254,0.0,3.4671361398536558,8.342253722196485,0.0,9.206024083474547,3.141826385179267,0.0,11.46337771032126,2.52314196556693,0.0
443,4.1673162086824815,4.513257892065431,0.0,11.485657678259779,1.8743336911288064,0.0,3.4671361398536558,5.424699812440095,0.0,9.206024083474547,2.0430288468754254,0.0,11.46337771032126,1.877976604727199,0.0
444,4.1673162086824815,11.418382425932636,28.0,8.583525153577689,5.543644207745689,71.0,3.4671361398536558,13.724297997740818,54.0,9.206024083474547,5.168790536398972,29.0,8.5668747648426,5.554418789428694,3.0
445,0.0,,,1.1920928955078125e-07,,,4.214684867775986e-08,,,0.0,,,0.0,,
